periodo,operador,id,anno,pais,tipo_de_mercado,servicio,concepto,tipo_de_ingreso,tipo_de_cliente,segmento,tipo_de_trafico,tipo_de_contrato,tipo_de_linea,tipo_de_mensaje,tipo_de_trafico_de_mensaje,tecnologia_de_acceso,velocidad_baf,tipo_de_oferta,tipo_de_tarifa,tipo_de_ce_minorista,tipo_de_circuito,tipo_de_emision,tipo_de_operador,tipo_de_medio,tipo_de_publicidad,tipo_de_contratacion,tipo_servicio_audiovisual_mayorista,tipo_de_ba_may,tipo_de_interconexion,tipo_de_tarificacion_en_interconexion,tipo_de_transmision_de_datos,tipo_de_ambito,tipo_de_acceso_de_infraestructuras,unidades,ingresos,ingresos_por_operador,clientes,clientes_por_operador,lineas_o_accesos,tasa_de_penetracion,lineas_o_accesos_por_operador,portabilidades,trafico,trafico_por_operador,mensajes,mensajes_por_operador_1,trafico_de_datos,trafico_de_datos_por_operador,circuitos,publicidad,contrataciones,fibra_oscura_por_operador,telefonos_publicos,cabinas,estaciones_base_por_operador,anio,key_periodo_operador_servicio,cuota_ingresos,hhi_ingresos
2010-01-01,Otros,4463,2010,España,Servicio minorista,Comunicaciones de Empresa,Ingresos,,,,,,,,,,,,,Transmisión de datos,,,,,,,,,,,,,,,0.0,31.34,0.0,0.0,0.0,0.0,0.0,0.0,0.0,0.0,0.0,0.0,0.0,0.0,0.0,0.0,0.0,0.0,0.0,0.0,0.0,2010,2010-01-01|Otros|Comunicaciones de Empresa,0.9255759007678677,0.862229694628764
2010-01-01,Otros,4211,2010,España,Servicio mayorista,Transmisión de datos mayoristas,Ingresos,,,,,,,,,,,,,,,,,,,,,,,,,,,,0.0,2.0,0.0,0.0,0.0,0.0,0.0,0.0,0.0,0.0,0.0,0.0,0.0,0.0,0.0,0.0,0.0,0.0,0.0,0.0,0.0,2010,2010-01-01|Otros|Transmisión de datos mayoristas,0.08729812309035356,0.46303080716850586
2010-01-01,Otros,4274,2010,España,Servicio minorista,Audiovisual minorista,Ingresos,Ingresos publicitarios,,,,,,,,,,,,,,,,Televisión,,,,,,,,,,,0.0,632.88,0.0,0.0,0.0,0.0,0.0,0.0,0.0,0.0,0.0,0.0,0.0,0.0,0.0,0.0,0.0,0.0,0.0,0.0,0.0,2010,2010-01-01|Otros|Audiovisual minorista,0.44831372326785623,0.4265426881486091
2010-01-01,Otros,16936,8040,España,Servicio mayorista,Transporte y difusión mayorista,Clientes,,,,,,,,,,,,,,,,,,,,Difusión,,,,,,,,0.0,19.270000000000003,0.0,93.0,0.0,0.0,0.0,0.0,0.0,0.0,0.0,0.0,0.0,0.0,0.0,0.0,0.0,0.0,0.0,0.0,0.0,2010,2010-01-01|Otros|Transporte y difusión mayorista,0.1430798930798931,0.38047602567204586
2010-01-01,Otros,21069,10050,España,Servicio mayorista,Circuitos alquilados mayoristas,Ingresos,,,,,,,,,,,,,,,,,,,,,,,,,,,,0.0,267.91,0.0,645.0,0.0,0.0,0.0,0.0,0.0,0.0,0.0,0.0,0.0,0.0,0.0,0.0,0.0,0.0,0.0,0.0,0.0,2010,2010-01-01|Otros|Circuitos alquilados mayoristas,0.044831140666468094,0.8984825141681404
2010-01-01,Otros,4212,2010,España,Servicio mayorista,Transmisión de datos mayoristas,Ingresos,,,,,,,,,,,,,,,,,,,,,,,,,,,,0.0,7.26,0.0,0.0,0.0,0.0,0.0,0.0,0.0,0.0,0.0,0.0,0.0,0.0,0.0,0.0,0.0,0.0,0.0,0.0,0.0,2010,2010-01-01|Otros|Transmisión de datos mayoristas,0.3168921868179834,0.46303080716850586
2010-01-01,Otros,13055,6030,España,Servicio mayorista,Circuitos alquilados mayoristas,Ingresos,,,,,,,,,,,,,,,,,,,,,,,,,,,,0.0,50.1,0.0,0.0,0.0,0.0,0.0,0.0,0.0,0.0,0.0,0.0,0.0,0.0,0.0,0.0,0.0,0.0,0.0,0.0,0.0,2010,2010-01-01|Otros|Circuitos alquilados mayoristas,0.008383562193983245,0.8984825141681404
2010-01-01,Otros,27769,12060,España,Servicio minorista,Telefonía móvil,Ingresos,,,,,,,,,,,,,,,,,,,,,,,,,,,,0.0,25.55,0.0,0.0,0.0,0.0,186174.0,0.0,0.0,244.59,0.0,7.02,0.0,0.0,0.0,0.0,0.0,0.0,0.0,0.0,0.0,2010,2010-01-01|Otros|Telefonía móvil,1.0,1.0
2010-01-01,Otros,62031,28140,España,Servicio minorista,Banda ancha fija minorista,Ingresos,,,,,,,,,,,,,,,,,,,,,,,,,,,,0.0,212.19,0.0,335047.0,0.0,0.0,603753.0,0.0,0.0,1161.56,0.0,0.0,0.0,0.0,0.0,0.0,0.0,0.0,0.0,0.0,0.0,2010,2010-01-01|Otros|Banda ancha fija minorista,0.8466602824994015,0.7403467029251297
2010-01-01,Otros,4467,2010,España,Servicio minorista,Comunicaciones de Empresa,Ingresos,,,,,,,,,,,,,Alquiler de circuitos,,,,,,,,,,,,,,,0.0,2.52,0.0,0.0,0.0,0.0,0.0,0.0,0.0,0.0,0.0,0.0,0.0,0.0,0.0,0.0,0.0,0.0,0.0,0.0,0.0,2010,2010-01-01|Otros|Comunicaciones de Empresa,0.0744240992321323,0.862229694628764
2010-01-01,Otros,27378,12060,España,Servicio minorista,Banda Ancha móvil,Ingresos,,,,,,,,,,,,,,,,,,,,,,,,,,,,0.0,10.67,0.0,0.0,0.0,0.0,106787.0,0.0,0.0,51.05,0.0,8.54,0.0,0.0,0.0,0.0,0.0,0.0,0.0,0.0,0.0,2010,2010-01-01|Otros|Banda Ancha móvil,0.03313561690630725,0.9359247044029086
2010-01-01,Otros,16952,8040,España,Servicio mayorista,Transporte y difusión mayorista,Clientes,,,,,,,,,,,,,,,,,,,,Difusión,,,,,,,,0.0,14.78,0.0,29.0,0.0,0.0,0.0,0.0,0.0,0.0,0.0,0.0,0.0,0.0,0.0,0.0,0.0,0.0,0.0,0.0,0.0,2010,2010-01-01|Otros|Transporte y difusión mayorista,0.10974160974160974,0.38047602567204586
2010-01-01,Otros,48606,22110,España,,Infraestructura,Nº de accesos  por tipo de acceso,,,,,,,,,FTTH,,,,,,,,,,,,,,,,,Instalados,,0.0,452.56,0.0,1044202.0,0.0,0.0,1781610.0,0.0,0.0,4870.9,0.0,0.0,0.0,0.0,0.0,0.0,0.0,0.0,0.0,0.0,0.0,2010,2010-01-01|Otros|Infraestructura,,
2010-01-01,Mediaset España,4275,2010,España,Servicio minorista,Audiovisual minorista,Ingresos,Ingresos publicitarios,,,,,,,,,,,,,,,,Televisión,,,,,,,,,,,0.0,663.93,0.0,0.0,0.0,0.0,0.0,0.0,0.0,0.0,0.0,0.0,0.0,0.0,0.0,0.0,0.0,0.0,0.0,0.0,0.0,2010,2010-01-01|Mediaset España|Audiovisual minorista,0.4703086371653833,0.4265426881486091
2010-01-01,Movistar,191830,88440,España,,Infraestructura,Nº de accesos  por tipo de acceso,,,,,,,,,FTTH,,,,,,,,,,,,,,,,,Instalados,,0.0,16730.37,0.0,9826935.0,0.0,0.0,67762383.0,0.0,0.0,124404.65,0.0,6042.26,0.0,0.0,0.0,0.0,0.0,0.0,0.0,0.0,0.0,2010,2010-01-01|Movistar|Infraestructura,,
2010-01-01,Otros,50477,22110,España,Servicio minorista,Banda Ancha móvil,Ingresos,,,,,,,,,,,,,,,,,,,,,,,,,,,,0.0,311.34000000000003,0.0,0.0,0.0,0.0,2412221.0,0.0,0.0,1582.5700000000002,0.0,141.08,0.0,0.0,0.0,0.0,0.0,0.0,0.0,0.0,0.0,2010,2010-01-01|Otros|Banda Ancha móvil,0.9668643830936927,0.9359247044029086
2010-01-01,Otros,65532,30150,España,,Infraestructura,Nº de accesos  por tipo de acceso,,,,,,,,,HFC (DOCSIS 10 o 20),,,,,,,,,,,,,,,,,Instalados,,0.0,1029.56,0.0,1880741.0,0.0,0.0,10675311.0,0.0,0.0,9679.01,0.0,0.0,0.0,0.0,0.0,0.0,0.0,0.0,0.0,0.0,0.0,2010,2010-01-01|Otros|Infraestructura,,
2010-01-01,Orange,128909,58290,España,,Infraestructura,Nº de accesos  por tipo de acceso,,,,,,,,,FTTH,,,,,,,,,,,,,,,,,Instalados,,0.0,3695.67,0.0,1217091.0,0.0,0.0,14075202.0,0.0,0.0,31105.0,0.0,2684.33,0.0,0.0,0.0,0.0,0.0,0.0,0.0,0.0,0.0,2010,2010-01-01|Orange|Infraestructura,,
2010-01-01,Otros,8497,4020,España,Servicio mayorista,Transporte y difusión mayorista,Clientes,,,,,,,,,,,,,,,,,,,,Transporte,,,,,,,,0.0,76.34,0.0,313.0,0.0,0.0,0.0,0.0,0.0,0.0,0.0,0.0,0.0,0.0,0.0,0.0,0.0,0.0,0.0,0.0,0.0,2010,2010-01-01|Otros|Transporte y difusión mayorista,0.5668250668250668,0.38047602567204586
2010-01-01,Otros,53003,24120,España,,Infraestructura,Nº de accesos  por tipo de acceso,,,,,,,,,HFC (DOCSIS 10 o 20),,,,,,,,,,,,,,,,,Instalados,,0.0,148.66,0.0,250713.0,0.0,0.0,1264851.0,0.0,0.0,972.17,0.0,0.0,0.0,0.0,0.0,0.0,0.0,0.0,0.0,0.0,0.0,2010,2010-01-01|Otros|Infraestructura,,
2010-01-01,Otros,180797,84420,España,,Infraestructura,Nº de accesos  por tipo de acceso,,,,,,,,,FTTH,,,,,,,,,,,,,,,,,Instalados,,0.0,2383.16,0.0,378996.0,0.0,0.0,2474769.0,0.0,0.0,21573.72,0.0,64.21,0.0,0.0,0.0,0.0,0.0,0.0,0.0,0.0,0.0,2010,2010-01-01|Otros|Infraestructura,,
2010-01-01,Otros,17008,8040,España,Servicio mayorista,Transporte y difusión mayorista,Clientes,,,,,,,,,,,,,,,,,,,,Difusión,,,,,,,,0.0,2.43,0.0,13.0,0.0,0.0,0.0,0.0,0.0,0.0,0.0,0.0,0.0,0.0,0.0,0.0,0.0,0.0,0.0,0.0,0.0,2010,2010-01-01|Otros|Transporte y difusión mayorista,0.018042768042768043,0.38047602567204586
2010-01-01,Otros,30914,14070,España,Servicio minorista,Banda ancha fija minorista,Ingresos,,,,,,,,,,,,,,,,,,,,,,,,,,,,0.0,38.43,0.0,0.0,0.0,0.0,115745.0,0.0,0.0,0.0,0.0,0.0,0.0,0.0,0.0,0.0,0.0,0.0,0.0,0.0,0.0,2010,2010-01-01|Otros|Banda ancha fija minorista,0.15333971750059852,0.7403467029251297
2010-01-01,Otros,4222,2010,España,Servicio mayorista,Transmisión de datos mayoristas,Ingresos,,,,,,,,,,,,,,,,,,,,,,,,,,,,0.0,13.65,0.0,0.0,0.0,0.0,0.0,0.0,0.0,0.0,0.0,0.0,0.0,0.0,0.0,0.0,0.0,0.0,0.0,0.0,0.0,2010,2010-01-01|Otros|Transmisión de datos mayoristas,0.5958096900916631,0.46303080716850586
2010-01-01,Otros,8507,4020,España,Servicio mayorista,Transporte y difusión mayorista,Clientes,,,,,,,,,,,,,,,,,,,,Transporte,,,,,,,,0.0,21.86,0.0,63.0,0.0,0.0,0.0,0.0,0.0,0.0,0.0,0.0,0.0,0.0,0.0,0.0,0.0,0.0,0.0,0.0,0.0,2010,2010-01-01|Otros|Transporte y difusión mayorista,0.1623106623106623,0.38047602567204586
2010-01-01,Otros,4319,2010,España,Servicio minorista,Audiovisual minorista,Ingresos,Ingresos publicitarios,,,,,,,,,,,,,,,,Televisión,,,,,,,,,,,0.0,89.88,0.0,0.0,0.0,0.0,0.0,0.0,0.0,0.0,0.0,0.0,0.0,0.0,0.0,0.0,0.0,0.0,0.0,0.0,0.0,2010,2010-01-01|Otros|Audiovisual minorista,0.06366836911786582,0.4265426881486091
2010-01-01,Otros,4320,2010,España,Servicio minorista,Audiovisual minorista,Ingresos,Ingresos publicitarios,,,,,,,,,,,,,,,,Televisión,,,,,,,,,,,0.0,25.0,0.0,0.0,0.0,0.0,0.0,0.0,0.0,0.0,0.0,0.0,0.0,0.0,0.0,0.0,0.0,0.0,0.0,0.0,0.0,2010,2010-01-01|Otros|Audiovisual minorista,0.017709270448894587,0.4265426881486091
2010-01-01,Vodafone,124992,56280,España,Servicio mayorista,Circuitos alquilados mayoristas,Ingresos,,,,,,,,,,,,,,,,,,,,,,,,,,,,0.0,5657.97,0.0,1137097.0,0.0,0.0,21364824.0,0.0,0.0,41892.47,0.0,5223.46,0.0,0.0,0.0,0.0,0.0,0.0,0.0,0.0,0.0,2010,2010-01-01|Vodafone|Circuitos alquilados mayoristas,0.9467852971395486,0.8984825141681404
2010-01-01,Otros,53846,24120,España,Servicio mayorista,Interconexión móvil,Ingresos,,,,,,,,,,,,,,,,,,,,,,,,,,,,0.0,475.46,0.0,0.0,0.0,0.0,2316835.0,0.0,0.0,3412.55,0.0,505.19,0.0,0.0,0.0,0.0,0.0,0.0,0.0,0.0,0.0,2010,2010-01-01|Otros|Interconexión móvil,1.0,1.0
2010-01-01,Nan,1549688,715560,España,,Infraestructura,Nº de accesos  por tipo de acceso,,,,,,,,,FTTH,,,,,,,,,,,,,,,,,En servicio,,41209.26,8116.52,16071978.0,0.0,146621886.0,315.2,21481421.0,6601332.0,240950.24,0.0,14676.09,0.0,105.51,105.51,205724.0,2859919.0,10470012.0,0.0,54297.0,31733.0,87545.0,2010,2010-01-01|Nan|Infraestructura,,
2011-01-01,Otros,5103,2011,España,Servicio minorista,Comunicaciones de Empresa,Ingresos,,,,,,,,,,,,,Transmisión de datos,,,,,,,,,,,,,,,0.0,23.3,0.0,0.0,0.0,0.0,0.0,0.0,0.0,0.0,0.0,0.0,0.0,0.0,0.0,0.0,0.0,0.0,0.0,0.0,0.0,2011,2011-01-01|Otros|Comunicaciones de Empresa,0.8166841920785138,0.700577755024842
2011-01-01,Otros,4841,2011,España,Servicio mayorista,Transmisión de datos mayoristas,Ingresos,,,,,,,,,,,,,,,,,,,,,,,,,,,,0.0,3.05,0.0,0.0,0.0,0.0,0.0,0.0,0.0,0.0,0.0,0.0,0.0,0.0,0.0,0.0,0.0,0.0,0.0,0.0,0.0,2011,2011-01-01|Otros|Transmisión de datos mayoristas,0.13895216400911162,0.4069474525350118
2011-01-01,Otros,4902,2011,España,Servicio minorista,Audiovisual minorista,Ingresos,Ingresos publicitarios,,,,,,,,,,,,,,,,Televisión,,,,,,,,,,,0.0,616.4,0.0,0.0,0.0,0.0,0.0,0.0,0.0,0.0,0.0,0.0,0.0,0.0,0.0,0.0,0.0,0.0,0.0,0.0,0.0,2011,2011-01-01|Otros|Audiovisual minorista,0.4001246332407239,0.4440111899214016
2011-01-01,Otros,19450,8044,España,Servicio mayorista,Transporte y difusión mayorista,Clientes,,,,,,,,,,,,,,,,,,,,Difusión,,,,,,,,0.0,19.99,0.0,101.0,0.0,0.0,0.0,0.0,0.0,0.0,0.0,0.0,0.0,0.0,0.0,0.0,0.0,0.0,0.0,0.0,0.0,2011,2011-01-01|Otros|Transporte y difusión mayorista,0.1528170629156792,0.3686748806243394
2011-01-01,Otros,24209,10055,España,Servicio mayorista,Circuitos alquilados mayoristas,Ingresos,,,,,,,,,,,,,,,,,,,,,,,,,,,,0.0,291.57,0.0,622.0,0.0,0.0,0.0,0.0,0.0,0.0,0.0,0.0,0.0,0.0,0.0,0.0,0.0,0.0,0.0,0.0,0.0,2011,2011-01-01|Otros|Circuitos alquilados mayoristas,0.053819431626045675,0.8812191751633598
2011-01-01,Otros,4842,2011,España,Servicio mayorista,Transmisión de datos mayoristas,Ingresos,,,,,,,,,,,,,,,,,,,,,,,,,,,,0.0,7.43,0.0,0.0,0.0,0.0,0.0,0.0,0.0,0.0,0.0,0.0,0.0,0.0,0.0,0.0,0.0,0.0,0.0,0.0,0.0,2011,2011-01-01|Otros|Transmisión de datos mayoristas,0.33849658314350795,0.4069474525350118
2011-01-01,Otros,14961,6033,España,Servicio mayorista,Circuitos alquilados mayoristas,Ingresos,,,,,,,,,,,,,,,,,,,,,,,,,,,,0.0,48.95,0.0,0.0,0.0,0.0,0.0,0.0,0.0,0.0,0.0,0.0,0.0,0.0,0.0,0.0,0.0,0.0,0.0,0.0,0.0,2011,2011-01-01|Otros|Circuitos alquilados mayoristas,0.00903543292552367,0.8812191751633598
2011-01-01,Otros,41757,16088,España,Servicio minorista,Banda Ancha móvil,Ingresos,,,,,,,,,,,,,,,,,,,,,,,,,,,,0.0,42.41,0.0,0.0,0.0,0.0,267674.0,0.0,0.0,402.5,0.0,11.8,0.0,0.0,0.0,0.0,0.0,0.0,0.0,0.0,0.0,2011,2011-01-01|Otros|Banda Ancha móvil,0.08236870727159726,0.8036342434542667
2011-01-01,Otros,70921,28154,España,Servicio minorista,Banda ancha fija minorista,Ingresos,,,,,,,,,,,,,,,,,,,,,,,,,,,,0.0,215.3,0.0,342817.0,0.0,0.0,639775.0,0.0,0.0,1095.47,0.0,0.0,0.0,0.0,0.0,0.0,0.0,0.0,0.0,0.0,0.0,2011,2011-01-01|Otros|Banda ancha fija minorista,0.8458063248870556,0.7391640286637837
2011-01-01,Otros,5107,2011,España,Servicio minorista,Comunicaciones de Empresa,Ingresos,,,,,,,,,,,,,Alquiler de circuitos,,,,,,,,,,,,,,,0.0,5.23,0.0,0.0,0.0,0.0,0.0,0.0,0.0,0.0,0.0,0.0,0.0,0.0,0.0,0.0,0.0,0.0,0.0,0.0,0.0,2011,2011-01-01|Otros|Comunicaciones de Empresa,0.18331580792148616,0.700577755024842
2011-01-01,Otros,31208,12066,España,Servicio minorista,Banda Ancha móvil,Ingresos,,,,,,,,,,,,,,,,,,,,,,,,,,,,0.0,13.04,0.0,0.0,0.0,0.0,115461.0,0.0,0.0,62.5,0.0,9.76,0.0,0.0,0.0,0.0,0.0,0.0,0.0,0.0,0.0,2011,2011-01-01|Otros|Banda Ancha móvil,0.025326289620882535,0.8036342434542667
2011-01-01,Otros,19466,8044,España,Servicio mayorista,Transporte y difusión mayorista,Clientes,,,,,,,,,,,,,,,,,,,,Difusión,,,,,,,,0.0,11.31,0.0,25.0,0.0,0.0,0.0,0.0,0.0,0.0,0.0,0.0,0.0,0.0,0.0,0.0,0.0,0.0,0.0,0.0,0.0,2011,2011-01-01|Otros|Transporte y difusión mayorista,0.08646127971867594,0.3686748806243394
2011-01-01,Otros,55592,22121,España,,Infraestructura,Nº de accesos  por tipo de acceso,,,,,,,,,FTTH,,,,,,,,,,,,,,,,,Instalados,,0.0,564.24,0.0,1299931.0,0.0,0.0,2297435.0,0.0,0.0,5739.41,0.0,0.0,0.0,0.0,0.0,0.0,0.0,0.0,0.0,0.0,0.0,2011,2011-01-01|Otros|Infraestructura,,
2011-01-01,Mediaset España,4903,2011,España,Servicio minorista,Audiovisual minorista,Ingresos,Ingresos publicitarios,,,,,,,,,,,,,,,,Televisión,,,,,,,,,,,0.0,816.66,0.0,0.0,0.0,0.0,0.0,0.0,0.0,0.0,0.0,0.0,0.0,0.0,0.0,0.0,0.0,0.0,0.0,0.0,0.0,2011,2011-01-01|Mediaset España|Audiovisual minorista,0.5301196998416119,0.4440111899214016
2011-01-01,Movistar,224583,90495,España,,Infraestructura,Nº de accesos  por tipo de acceso,,,,,,,,,FTTH,,,,,,,,,,,,,,,,,Instalados,,0.0,15350.84,0.0,8945555.0,0.0,0.0,70610705.0,0.0,0.0,119446.03,0.0,5820.629999999999,0.0,0.0,0.0,0.0,0.0,0.0,0.0,0.0,0.0,2011,2011-01-01|Movistar|Infraestructura,,
2011-01-01,Otros,62786,24132,España,Servicio minorista,Banda Ancha móvil,Ingresos,,,,,,,,,,,,,,,,,,,,,,,,,,,,0.0,459.43,0.0,0.0,0.0,0.0,3867439.0,0.0,0.0,2899.95,0.0,162.98,0.0,0.0,0.0,0.0,0.0,0.0,0.0,0.0,0.0,2011,2011-01-01|Otros|Banda Ancha móvil,0.8923050031075203,0.8036342434542667
2011-01-01,Otros,75022,30165,España,,Infraestructura,Nº de accesos  por tipo de acceso,,,,,,,,,HFC (DOCSIS 10 o 20),,,,,,,,,,,,,,,,,Instalados,,0.0,1039.53,0.0,1919903.0,0.0,0.0,10826510.0,0.0,0.0,11322.39,0.0,0.0,0.0,0.0,0.0,0.0,0.0,0.0,0.0,0.0,0.0,2011,2011-01-01|Otros|Infraestructura,,
2011-01-01,Orange,147345,58319,España,,Infraestructura,Nº de accesos  por tipo de acceso,,,,,,,,,FTTH,,,,,,,,,,,,,,,,,Instalados,,0.0,3818.42,0.0,1368494.0,0.0,0.0,16465275.0,0.0,0.0,33866.28,0.0,2807.3900000000003,0.0,0.0,0.0,0.0,0.0,0.0,0.0,0.0,0.0,2011,2011-01-01|Orange|Infraestructura,,
2011-01-01,Otros,9752,4022,España,Servicio mayorista,Transporte y difusión mayorista,Clientes,,,,,,,,,,,,,,,,,,,,Transporte,,,,,,,,0.0,72.21,0.0,242.0,0.0,0.0,0.0,0.0,0.0,0.0,0.0,0.0,0.0,0.0,0.0,0.0,0.0,0.0,0.0,0.0,0.0,2011,2011-01-01|Otros|Transporte y difusión mayorista,0.5520220166653925,0.3686748806243394
2011-01-01,Otros,65657,26143,España,,Infraestructura,Nº de accesos  por tipo de acceso,,,,,,,,,HFC (DOCSIS 10 o 20),,,,,,,,,,,,,,,,,Instalados,,0.0,147.56,0.0,256200.0,0.0,0.0,1326974.0,0.0,0.0,954.86,0.0,0.0,0.0,0.0,0.0,0.0,0.0,0.0,0.0,0.0,0.0,2011,2011-01-01|Otros|Infraestructura,,
2011-01-01,Otros,207276,84462,España,,Infraestructura,Nº de accesos  por tipo de acceso,,,,,,,,,FTTH,,,,,,,,,,,,,,,,,Instalados,,0.0,1956.87,0.0,317425.0,0.0,0.0,2555493.0,0.0,0.0,23109.9,0.0,89.45,0.0,0.0,0.0,0.0,0.0,0.0,0.0,0.0,0.0,2011,2011-01-01|Otros|Infraestructura,,
2011-01-01,Otros,19518,8044,España,Servicio mayorista,Transporte y difusión mayorista,Clientes,,,,,,,,,,,,,,,,,,,,Difusión,,,,,,,,0.0,3.8,0.0,16.0,0.0,0.0,0.0,0.0,0.0,0.0,0.0,0.0,0.0,0.0,0.0,0.0,0.0,0.0,0.0,0.0,0.0,2011,2011-01-01|Otros|Transporte y difusión mayorista,0.02904976683739775,0.3686748806243394
2011-01-01,Otros,35324,14077,España,Servicio minorista,Banda ancha fija minorista,Ingresos,,,,,,,,,,,,,,,,,,,,,,,,,,,,0.0,39.25,0.0,0.0,0.0,0.0,119600.0,0.0,0.0,0.0,0.0,0.0,0.0,0.0,0.0,0.0,0.0,0.0,0.0,0.0,0.0,2011,2011-01-01|Otros|Banda ancha fija minorista,0.1541936751129444,0.7391640286637837
2011-01-01,Otros,4851,2011,España,Servicio mayorista,Transmisión de datos mayoristas,Ingresos,,,,,,,,,,,,,,,,,,,,,,,,,,,,0.0,11.47,0.0,0.0,0.0,0.0,0.0,0.0,0.0,0.0,0.0,0.0,0.0,0.0,0.0,0.0,0.0,0.0,0.0,0.0,0.0,2011,2011-01-01|Otros|Transmisión de datos mayoristas,0.5225512528473805,0.4069474525350118
2011-01-01,Otros,9762,4022,España,Servicio mayorista,Transporte y difusión mayorista,Clientes,,,,,,,,,,,,,,,,,,,,Transporte,,,,,,,,0.0,23.5,0.0,63.0,0.0,0.0,0.0,0.0,0.0,0.0,0.0,0.0,0.0,0.0,0.0,0.0,0.0,0.0,0.0,0.0,0.0,2011,2011-01-01|Otros|Transporte y difusión mayorista,0.17964987386285453,0.3686748806243394
2011-01-01,Otros,4949,2011,España,Servicio minorista,Audiovisual minorista,Ingresos,Ingresos publicitarios,,,,,,,,,,,,,,,,Televisión,,,,,,,,,,,0.0,76.88,0.0,0.0,0.0,0.0,0.0,0.0,0.0,0.0,0.0,0.0,0.0,0.0,0.0,0.0,0.0,0.0,0.0,0.0,0.0,2011,2011-01-01|Otros|Audiovisual minorista,0.04990522680653286,0.4440111899214016
2011-01-01,Otros,4950,2011,España,Servicio minorista,Audiovisual minorista,Ingresos,Ingresos publicitarios,,,,,,,,,,,,,,,,Televisión,,,,,,,,,,,0.0,30.58,0.0,0.0,0.0,0.0,0.0,0.0,0.0,0.0,0.0,0.0,0.0,0.0,0.0,0.0,0.0,0.0,0.0,0.0,0.0,2011,2011-01-01|Otros|Audiovisual minorista,0.019850440111131306,0.4440111899214016
2011-01-01,Vodafone,142804,56308,España,Servicio mayorista,Circuitos alquilados mayoristas,Ingresos,,,,,,,,,,,,,,,,,,,,,,,,,,,,0.0,5077.04,0.0,1209103.0,0.0,0.0,22278663.0,0.0,0.0,42494.21,0.0,5017.29,0.0,0.0,0.0,0.0,0.0,0.0,0.0,0.0,0.0,2011,2011-01-01|Vodafone|Circuitos alquilados mayoristas,0.9371451354484307,0.8812191751633598
2011-01-01,Otros,61488,24132,España,Servicio mayorista,Interconexión móvil,Ingresos,,,,,,,,,,,,,,,,,,,,,,,,,,,,0.0,627.78,0.0,0.0,0.0,0.0,3610152.0,0.0,0.0,4878.349999999999,0.0,690.0,0.0,0.0,0.0,0.0,0.0,0.0,0.0,0.0,0.0,2011,2011-01-01|Otros|Interconexión móvil,1.0,1.0
2011-01-01,Nan,1824876,736026,España,,Infraestructura,Nº de accesos  por tipo de acceso,,,,,,,,,FTTH,,,,,,,,,,,,,,,,,En servicio,,39592.09,8178.1,15660497.0,0.0,155734435.0,333.1,20753279.0,7492764.0,246271.85,0.0,14609.3,0.0,3515086.41,3515086.41,205440.0,4355585.0,10372289.0,0.0,51617.0,29770.0,98533.0,2011,2011-01-01|Nan|Infraestructura,,
2012-01-01,Otros,5755,2012,España,Servicio minorista,Comunicaciones de Empresa,Ingresos,,,,,,,,,,,,,Transmisión de datos,,,,,,,,,,,,,,,0.0,30.53,0.0,0.0,0.0,0.0,0.0,0.0,0.0,0.0,0.0,0.0,0.0,0.0,0.0,0.0,0.0,0.0,0.0,0.0,0.0,2012,2012-01-01|Otros|Comunicaciones de Empresa,0.8394281000824855,0.7304228702512114
2012-01-01,Otros,5485,2012,España,Servicio mayorista,Transmisión de datos mayoristas,Ingresos,,,,,,,,,,,,,,,,,,,,,,,,,,,,0.0,3.6,0.0,0.0,0.0,0.0,0.0,0.0,0.0,0.0,0.0,0.0,0.0,0.0,0.0,0.0,0.0,0.0,0.0,0.0,0.0,2012,2012-01-01|Otros|Transmisión de datos mayoristas,0.1344286781179985,0.43466081327621237
2012-01-01,Otros,5546,2012,España,Servicio minorista,Audiovisual minorista,Ingresos,Ingresos publicitarios,,,,,,,,,,,,,,,,Televisión,,,,,,,,,,,0.0,575.57,0.0,0.0,0.0,0.0,0.0,0.0,0.0,0.0,0.0,0.0,0.0,0.0,0.0,0.0,0.0,0.0,0.0,0.0,0.0,2012,2012-01-01|Otros|Audiovisual minorista,0.42838217015607444,0.44635520036521964
2012-01-01,Otros,22026,8048,España,Servicio mayorista,Transporte y difusión mayorista,Clientes,,,,,,,,,,,,,,,,,,,,Difusión,,,,,,,,0.0,20.73,0.0,112.0,0.0,0.0,0.0,0.0,0.0,0.0,0.0,0.0,0.0,0.0,0.0,0.0,0.0,0.0,0.0,0.0,0.0,2012,2012-01-01|Otros|Transporte y difusión mayorista,0.17781780751415338,0.33537942353824435
2012-01-01,Otros,5392,2012,España,Servicio mayorista,Circuitos alquilados mayoristas,Ingresos,,,,,,,,,,,,,,,,,,,,,,,,,,,,0.0,10.2,0.0,0.0,0.0,0.0,0.0,0.0,0.0,0.0,0.0,0.0,0.0,0.0,0.0,0.0,0.0,0.0,0.0,0.0,0.0,2012,2012-01-01|Otros|Circuitos alquilados mayoristas,0.0020679965371195237,0.8668517389980609
2012-01-01,Otros,27427,10060,España,Servicio mayorista,Circuitos alquilados mayoristas,Ingresos,,,,,,,,,,,,,,,,,,,,,,,,,,,,0.0,285.75,0.0,587.0,0.0,0.0,0.0,0.0,0.0,0.0,0.0,0.0,0.0,0.0,0.0,0.0,0.0,0.0,0.0,0.0,0.0,2012,2012-01-01|Otros|Circuitos alquilados mayoristas,0.05793431475312784,0.8668517389980609
2012-01-01,Otros,5486,2012,España,Servicio mayorista,Transmisión de datos mayoristas,Ingresos,,,,,,,,,,,,,,,,,,,,,,,,,,,,0.0,7.71,0.0,0.0,0.0,0.0,0.0,0.0,0.0,0.0,0.0,0.0,0.0,0.0,0.0,0.0,0.0,0.0,0.0,0.0,0.0,2012,2012-01-01|Otros|Transmisión de datos mayoristas,0.2879014189693801,0.43466081327621237
2012-01-01,Otros,16907,6036,España,Servicio mayorista,Circuitos alquilados mayoristas,Ingresos,,,,,,,,,,,,,,,,,,,,,,,,,,,,0.0,53.36,0.0,0.0,0.0,0.0,0.0,0.0,0.0,0.0,0.0,0.0,0.0,0.0,0.0,0.0,0.0,0.0,0.0,0.0,0.0,2012,2012-01-01|Otros|Circuitos alquilados mayoristas,0.010818460315754687,0.8668517389980609
2012-01-01,Otros,52685,18108,España,Servicio minorista,Banda Ancha móvil,Ingresos,,,,,,,,,,,,,,,,,,,,,,,,,,,,0.0,44.24,0.0,0.0,0.0,0.0,340253.0,0.0,0.0,484.32,0.0,14.8,0.0,0.0,0.0,0.0,0.0,0.0,0.0,0.0,0.0,2012,2012-01-01|Otros|Banda Ancha móvil,0.07417218543046358,0.8183260953094506
2012-01-01,Otros,80003,28168,España,Servicio minorista,Banda ancha fija minorista,Ingresos,,,,,,,,,,,,,,,,,,,,,,,,,,,,0.0,208.59,0.0,332579.0,0.0,0.0,634641.0,0.0,0.0,1014.27,0.0,0.0,0.0,0.0,0.0,0.0,0.0,0.0,0.0,0.0,0.0,2012,2012-01-01|Otros|Banda ancha fija minorista,0.8310689668911112,0.7192133216766954
2012-01-01,Otros,5759,2012,España,Servicio minorista,Comunicaciones de Empresa,Ingresos,,,,,,,,,,,,,Alquiler de circuitos,,,,,,,,,,,,,,,0.0,5.84,0.0,0.0,0.0,0.0,0.0,0.0,0.0,0.0,0.0,0.0,0.0,0.0,0.0,0.0,0.0,0.0,0.0,0.0,0.0,2012,2012-01-01|Otros|Comunicaciones de Empresa,0.16057189991751442,0.7304228702512114
2012-01-01,Otros,35107,12072,España,Servicio minorista,Banda Ancha móvil,Ingresos,,,,,,,,,,,,,,,,,,,,,,,,,,,,0.0,14.67,0.0,0.0,0.0,0.0,177419.0,0.0,0.0,64.14,0.0,10.24,0.0,0.0,0.0,0.0,0.0,0.0,0.0,0.0,0.0,2012,2012-01-01|Otros|Banda Ancha móvil,0.024595523514125243,0.8183260953094506
2012-01-01,Otros,22042,8048,España,Servicio mayorista,Transporte y difusión mayorista,Clientes,,,,,,,,,,,,,,,,,,,,Difusión,,,,,,,,0.0,11.3,0.0,24.0,0.0,0.0,0.0,0.0,0.0,0.0,0.0,0.0,0.0,0.0,0.0,0.0,0.0,0.0,0.0,0.0,0.0,2012,2012-01-01|Otros|Transporte y difusión mayorista,0.0969291473666152,0.33537942353824435
2012-01-01,Otros,62725,22132,España,,Infraestructura,Nº de accesos  por tipo de acceso,,,,,,,,,FTTH,,,,,,,,,,,,,,,,,Instalados,,0.0,656.29,0.0,1535184.0,0.0,0.0,2849398.0,0.0,0.0,6251.02,0.0,0.0,0.0,0.0,0.0,0.0,0.0,0.0,0.0,0.0,0.0,2012,2012-01-01|Otros|Infraestructura,,
2012-01-01,Mediaset España,5547,2012,España,Servicio minorista,Audiovisual minorista,Ingresos,Ingresos publicitarios,,,,,,,,,,,,,,,,Televisión,,,,,,,,,,,0.0,685.91,0.0,0.0,0.0,0.0,0.0,0.0,0.0,0.0,0.0,0.0,0.0,0.0,0.0,0.0,0.0,0.0,0.0,0.0,0.0,2012,2012-01-01|Mediaset España|Audiovisual minorista,0.5105054369264433,0.44635520036521964
2012-01-01,Movistar,247889,88528,España,,Infraestructura,Nº de accesos  por tipo de acceso,,,,,,,,,FTTH,,,,,,,,,,,,,,,,,Instalados,,0.0,13114.19,0.0,8718871.0,0.0,0.0,70279247.0,0.0,0.0,109563.68,0.0,4718.9,0.0,0.0,0.0,0.0,0.0,0.0,0.0,0.0,0.0,2012,2012-01-01|Movistar|Infraestructura,,
2012-01-01,Otros,64666,22132,España,Servicio minorista,Banda Ancha móvil,Ingresos,,,,,,,,,,,,,,,,,,,,,,,,,,,,0.0,537.54,0.0,0.0,0.0,0.0,6204616.0,0.0,0.0,5569.0,0.0,263.51,0.0,0.0,0.0,0.0,0.0,0.0,0.0,0.0,0.0,2012,2012-01-01|Otros|Banda Ancha móvil,0.9012322910554112,0.8183260953094506
2012-01-01,Otros,84730,30180,España,,Infraestructura,Nº de accesos  por tipo de acceso,,,,,,,,,FTTH,,,,,,,,,,,,,,,,,Instalados,,0.0,1050.55,0.0,1867971.0,0.0,0.0,10908588.0,0.0,0.0,11742.76,0.0,0.0,0.0,0.0,0.0,0.0,0.0,0.0,0.0,0.0,0.0,2012,2012-01-01|Otros|Infraestructura,,
2012-01-01,Orange,160788,56336,España,,Infraestructura,Nº de accesos  por tipo de acceso,,,,,,,,,FTTH,,,,,,,,,,,,,,,,,Instalados,,0.0,3796.63,0.0,1495193.0,0.0,0.0,18973122.0,0.0,0.0,34130.88,0.0,2398.5,0.0,0.0,0.0,0.0,0.0,0.0,0.0,0.0,0.0,2012,2012-01-01|Orange|Infraestructura,,
2012-01-01,Otros,11040,4024,España,Servicio mayorista,Transporte y difusión mayorista,Clientes,,,,,,,,,,,,,,,,,,,,Transporte,,,,,,,,0.0,59.39,0.0,223.0,0.0,0.0,0.0,0.0,0.0,0.0,0.0,0.0,0.0,0.0,0.0,0.0,0.0,0.0,0.0,0.0,0.0,2012,2012-01-01|Otros|Transporte y difusión mayorista,0.5094355807171042,0.33537942353824435
2012-01-01,Otros,74081,26156,España,,Infraestructura,Nº de accesos  por tipo de acceso,,,,,,,,,HFC (DOCSIS 10 o 20),,,,,,,,,,,,,,,,,Instalados,,0.0,138.42,0.0,246760.0,0.0,0.0,1358180.0,0.0,0.0,892.41,0.0,0.0,0.0,0.0,0.0,0.0,0.0,0.0,0.0,0.0,0.0,2012,2012-01-01|Otros|Infraestructura,,
2012-01-01,Otros,239756,86516,España,,Infraestructura,Nº de accesos  por tipo de acceso,,,,,,,,,FTTH,,,,,,,,,,,,,,,,,Instalados,,0.0,1823.16,0.0,334073.0,0.0,0.0,2671054.0,0.0,0.0,23536.38,0.0,121.25,0.0,0.0,0.0,0.0,0.0,0.0,0.0,0.0,0.0,2012,2012-01-01|Otros|Infraestructura,,
2012-01-01,Otros,22094,8048,España,Servicio mayorista,Transporte y difusión mayorista,Clientes,,,,,,,,,,,,,,,,,,,,Difusión,,,,,,,,0.0,3.72,0.0,13.0,0.0,0.0,0.0,0.0,0.0,0.0,0.0,0.0,0.0,0.0,0.0,0.0,0.0,0.0,0.0,0.0,0.0,2012,2012-01-01|Otros|Transporte y difusión mayorista,0.031909418425115806,0.33537942353824435
2012-01-01,Otros,39858,14084,España,Servicio minorista,Banda ancha fija minorista,Ingresos,,,,,,,,,,,,,,,,,,,,,,,,,,,,0.0,42.4,0.0,0.0,0.0,0.0,120489.0,0.0,0.0,0.0,0.0,0.0,0.0,0.0,0.0,0.0,0.0,0.0,0.0,0.0,0.0,2012,2012-01-01|Otros|Banda ancha fija minorista,0.1689310331088888,0.7192133216766954
2012-01-01,Otros,10846,4024,España,Servicio mayorista,Interconexión fija,Ingresos,,,,,,,,,,,,,,,,,,,,,,,,,,,,0.0,36.94,0.0,0.0,0.0,0.0,0.0,0.0,0.0,615.58,0.0,0.0,0.0,0.0,0.0,0.0,0.0,0.0,0.0,0.0,0.0,2012,2012-01-01|Otros|Interconexión fija,1.0,1.0
2012-01-01,Otros,5495,2012,España,Servicio mayorista,Transmisión de datos mayoristas,Ingresos,,,,,,,,,,,,,,,,,,,,,,,,,,,,0.0,15.47,0.0,0.0,0.0,0.0,0.0,0.0,0.0,0.0,0.0,0.0,0.0,0.0,0.0,0.0,0.0,0.0,0.0,0.0,0.0,2012,2012-01-01|Otros|Transmisión de datos mayoristas,0.5776699029126213,0.43466081327621237
2012-01-01,Otros,11050,4024,España,Servicio mayorista,Transporte y difusión mayorista,Clientes,,,,,,,,,,,,,,,,,,,,Transporte,,,,,,,,0.0,21.44,0.0,25.0,0.0,0.0,0.0,0.0,0.0,0.0,0.0,0.0,0.0,0.0,0.0,0.0,0.0,0.0,0.0,0.0,0.0,2012,2012-01-01|Otros|Transporte y difusión mayorista,0.18390804597701152,0.33537942353824435
2012-01-01,Otros,5595,2012,España,Servicio minorista,Audiovisual minorista,Ingresos,Ingresos publicitarios,,,,,,,,,,,,,,,,Televisión,,,,,,,,,,,0.0,59.1,0.0,0.0,0.0,0.0,0.0,0.0,0.0,0.0,0.0,0.0,0.0,0.0,0.0,0.0,0.0,0.0,0.0,0.0,0.0,2012,2012-01-01|Otros|Audiovisual minorista,0.04398663282697847,0.44635520036521964
2012-01-01,Otros,5596,2012,España,Servicio minorista,Audiovisual minorista,Ingresos,Ingresos publicitarios,,,,,,,,,,,,,,,,Televisión,,,,,,,,,,,0.0,23.01,0.0,0.0,0.0,0.0,0.0,0.0,0.0,0.0,0.0,0.0,0.0,0.0,0.0,0.0,0.0,0.0,0.0,0.0,0.0,2012,2012-01-01|Otros|Audiovisual minorista,0.017125760090503803,0.44635520036521964
2012-01-01,Vodafone,160964,56336,España,Servicio mayorista,Circuitos alquilados mayoristas,Ingresos,,,,,,,,,,,,,,,,,,,,,,,,,,,,0.0,4583.0,0.0,1109786.0,0.0,0.0,22673098.0,0.0,0.0,46972.69,0.0,4191.139999999999,0.0,0.0,0.0,0.0,0.0,0.0,0.0,0.0,0.0,2012,2012-01-01|Vodafone|Circuitos alquilados mayoristas,0.9291792283939979,0.8668517389980609
2012-01-01,Otros,69267,24144,España,Servicio mayorista,Interconexión móvil,Ingresos,,,,,,,,,,,,,,,,,,,,,,,,,,,,0.0,682.44,0.0,0.0,0.0,0.0,5586036.0,0.0,0.0,5672.42,0.0,645.94,0.0,0.0,0.0,0.0,0.0,0.0,0.0,0.0,0.0,2012,2012-01-01|Otros|Interconexión móvil,1.0,1.0
2012-01-01,Nan,2101218,750476,España,,Infraestructura,Nº de accesos  por tipo de acceso,,,,,,,,,FTTH,,,,,,,,,,,,,,,,,En servicio,,36552.21,7950.46,15641401.0,0.0,162107908.0,345.9,19331767.0,7011360.0,246509.52,0.0,12364.27,0.0,3956828.61,3956828.61,209914.0,3691858.0,7011206.0,0.0,45851.0,27704.0,106163.0,2012,2012-01-01|Nan|Infraestructura,,
2013-01-01,Otros,6418,2013,España,Servicio minorista,Comunicaciones de Empresa,Ingresos,,,,,,,,,,,,,Transmisión de datos,,,,,,,,,,,,,,,0.0,26.76,0.0,0.0,0.0,0.0,0.0,0.0,0.0,0.0,0.0,0.0,0.0,0.0,0.0,0.0,0.0,0.0,0.0,0.0,0.0,2013,2013-01-01|Otros|Comunicaciones de Empresa,0.7275693311582382,0.6035756009676156
2013-01-01,Otros,6146,2013,España,Servicio mayorista,Transmisión de datos mayoristas,Ingresos,,,,,,,,,,,,,,,,,,,,,,,,,,,,0.0,3.2,0.0,0.0,0.0,0.0,0.0,0.0,0.0,0.0,0.0,0.0,0.0,0.0,0.0,0.0,0.0,0.0,0.0,0.0,0.0,2013,2013-01-01|Otros|Transmisión de datos mayoristas,0.09773976786805133,0.4853362360710942
2013-01-01,Otros,6207,2013,España,Servicio minorista,Audiovisual minorista,Ingresos,Ingresos publicitarios,,,,,,,,,,,,,,,,Televisión,,,,,,,,,,,0.0,653.98,0.0,0.0,0.0,0.0,0.0,0.0,0.0,0.0,0.0,0.0,0.0,0.0,0.0,0.0,0.0,0.0,0.0,0.0,0.0,2013,2013-01-01|Otros|Audiovisual minorista,0.47946450827724746,0.44990624258511325
2013-01-01,Otros,24670,8052,España,Servicio mayorista,Transporte y difusión mayorista,Clientes,,,,,,,,,,,,,,,,,,,,Difusión,,,,,,,,0.0,20.360000000000003,0.0,110.0,0.0,0.0,0.0,0.0,0.0,0.0,0.0,0.0,0.0,0.0,0.0,0.0,0.0,0.0,0.0,0.0,0.0,2013,2013-01-01|Otros|Transporte y difusión mayorista,0.1837379297897302,0.3360780569779623
2013-01-01,Otros,6049,2013,España,Servicio mayorista,Circuitos alquilados mayoristas,Ingresos,,,,,,,,,,,,,,,,,,,,,,,,,,,,0.0,11.08,0.0,0.0,0.0,0.0,0.0,0.0,0.0,0.0,0.0,0.0,0.0,0.0,0.0,0.0,0.0,0.0,0.0,0.0,0.0,2013,2013-01-01|Otros|Circuitos alquilados mayoristas,0.032239292364990686,0.6593940649962592
2013-01-01,Otros,30728,10065,España,Servicio mayorista,Circuitos alquilados mayoristas,Ingresos,,,,,,,,,,,,,,,,,,,,,,,,,,,,0.0,272.25,0.0,541.0,0.0,0.0,0.0,0.0,0.0,0.0,0.0,0.0,0.0,0.0,0.0,0.0,0.0,0.0,0.0,0.0,0.0,2013,2013-01-01|Otros|Circuitos alquilados mayoristas,0.792161312849162,0.6593940649962592
2013-01-01,Otros,6147,2013,España,Servicio mayorista,Transmisión de datos mayoristas,Ingresos,,,,,,,,,,,,,,,,,,,,,,,,,,,,0.0,8.7,0.0,0.0,0.0,0.0,0.0,0.0,0.0,0.0,0.0,0.0,0.0,0.0,0.0,0.0,0.0,0.0,0.0,0.0,0.0,2013,2013-01-01|Otros|Transmisión de datos mayoristas,0.2657299938912645,0.4853362360710942
2013-01-01,Otros,18890,6039,España,Servicio mayorista,Circuitos alquilados mayoristas,Ingresos,,,,,,,,,,,,,,,,,,,,,,,,,,,,0.0,60.35,0.0,0.0,0.0,0.0,0.0,0.0,0.0,0.0,0.0,0.0,0.0,0.0,0.0,0.0,0.0,0.0,0.0,0.0,0.0,2013,2013-01-01|Otros|Circuitos alquilados mayoristas,0.1755993947858473,0.6593940649962592
2013-01-01,Otros,58658,18117,España,Servicio minorista,Banda Ancha móvil,Ingresos,,,,,,,,,,,,,,,,,,,,,,,,,,,,0.0,42.46,0.0,0.0,0.0,0.0,514288.0,0.0,0.0,511.79,0.0,14.93,0.0,0.0,0.0,0.0,0.0,0.0,0.0,0.0,0.0,2013,2013-01-01|Otros|Banda Ancha móvil,0.05540621656183939,0.8550845484539189
2013-01-01,Otros,89242,28182,España,Servicio minorista,Banda ancha fija minorista,Ingresos,,,,,,,,,,,,,,,,,,,,,,,,,,,,0.0,199.59,0.0,329685.0,0.0,0.0,645598.0,0.0,0.0,974.5,0.0,0.0,0.0,0.0,0.0,0.0,0.0,0.0,0.0,0.0,0.0,2013,2013-01-01|Otros|Banda ancha fija minorista,0.8123982416151091,0.6951853227284241
2013-01-01,Otros,6422,2013,España,Servicio minorista,Comunicaciones de Empresa,Ingresos,,,,,,,,,,,,,Alquiler de circuitos,,,,,,,,,,,,,,,0.0,10.02,0.0,0.0,0.0,0.0,0.0,0.0,0.0,0.0,0.0,0.0,0.0,0.0,0.0,0.0,0.0,0.0,0.0,0.0,0.0,2013,2013-01-01|Otros|Comunicaciones de Empresa,0.2724306688417618,0.6035756009676156
2013-01-01,Otros,52279,16104,España,Servicio minorista,Banda Ancha móvil,Ingresos,,,,,,,,,,,,,,,,,,,,,,,,,,,,0.0,16.71,0.0,0.0,0.0,0.0,196184.0,0.0,0.0,90.72,0.0,7.93,0.0,0.0,0.0,0.0,0.0,0.0,0.0,0.0,0.0,2013,2013-01-01|Otros|Banda Ancha móvil,0.02180494297570269,0.8550845484539189
2013-01-01,Otros,24686,8052,España,Servicio mayorista,Transporte y difusión mayorista,Clientes,,,,,,,,,,,,,,,,,,,,Difusión,,,,,,,,0.0,8.620000000000001,0.0,19.0,0.0,0.0,0.0,0.0,0.0,0.0,0.0,0.0,0.0,0.0,0.0,0.0,0.0,0.0,0.0,0.0,0.0,2013,2013-01-01|Otros|Transporte y difusión mayorista,0.07779081310351052,0.3360780569779623
2013-01-01,Otros,69980,22143,España,,Infraestructura,Nº de accesos  por tipo de acceso,,,,,,,,,FTTH,,,,,,,,,,,,,,,,,Instalados,,0.0,666.72,0.0,1590946.0,0.0,0.0,3899092.0,0.0,0.0,5697.48,0.0,0.0,0.0,0.0,0.0,0.0,0.0,0.0,0.0,0.0,0.0,2013,2013-01-01|Otros|Infraestructura,,
2013-01-01,Mediaset España,6208,2013,España,Servicio minorista,Audiovisual minorista,Ingresos,Ingresos publicitarios,,,,,,,,,,,,,,,,Televisión,,,,,,,,,,,0.0,637.28,0.0,0.0,0.0,0.0,0.0,0.0,0.0,0.0,0.0,0.0,0.0,0.0,0.0,0.0,0.0,0.0,0.0,0.0,0.0,2013,2013-01-01|Mediaset España|Audiovisual minorista,0.4672209269930644,0.44990624258511325
2013-01-01,Movistar,301541,96624,España,,Infraestructura,Nº de accesos  por tipo de acceso,,,,,,,,,FTTH,,,,,,,,,,,,,,,,,Instalados,,0.0,11137.48,0.0,8314913.0,0.0,0.0,72178921.0,0.0,0.0,103747.87,0.0,3717.92,0.0,0.0,0.0,0.0,0.0,0.0,0.0,0.0,0.0,2013,2013-01-01|Movistar|Infraestructura,,
2013-01-01,Otros,78557,24156,España,Servicio minorista,Banda Ancha móvil,Ingresos,,,,,,,,,,,,,,,,,,,,,,,,,,,,0.0,707.1700000000001,0.0,0.0,0.0,0.0,9321865.0,0.0,0.0,8772.11,0.0,259.77,0.0,0.0,0.0,0.0,0.0,0.0,0.0,0.0,0.0,2013,2013-01-01|Otros|Banda Ancha móvil,0.922788840462458,0.8550845484539189
2013-01-01,Otros,88610,28182,España,,Infraestructura,Nº de accesos  por tipo de acceso,,,,,,,,,FTTH,,,,,,,,,,,,,,,,,Instalados,,0.0,950.65,0.0,1794516.0,0.0,0.0,10742692.0,0.0,0.0,9298.21,0.0,0.0,0.0,0.0,0.0,0.0,0.0,0.0,0.0,0.0,0.0,2013,2013-01-01|Otros|Infraestructura,,
2013-01-01,Orange,179325,56364,España,,Infraestructura,Nº de accesos  por tipo de acceso,,,,,,,,,FTTH,,,,,,,,,,,,,,,,,Instalados,,0.0,3613.73,0.0,1794987.0,0.0,0.0,22259970.0,0.0,0.0,36798.18,0.0,1842.54,0.0,0.0,0.0,0.0,0.0,0.0,0.0,0.0,0.0,2013,2013-01-01|Orange|Infraestructura,,
2013-01-01,Otros,12362,4026,España,Servicio mayorista,Transporte y difusión mayorista,Clientes,,,,,,,,,,,,,,,,,,,,Transporte,,,,,,,,0.0,55.91,0.0,261.0,0.0,0.0,0.0,0.0,0.0,0.0,0.0,0.0,0.0,0.0,0.0,0.0,0.0,0.0,0.0,0.0,0.0,2013,2013-01-01|Otros|Transporte y difusión mayorista,0.5045573504196372,0.3360780569779623
2013-01-01,Otros,82662,26169,España,,Infraestructura,Nº de accesos  por tipo de acceso,,,,,,,,,HFC (DOCSIS 10 o 20),,,,,,,,,,,,,,,,,Instalados,,0.0,119.76,0.0,258987.0,0.0,0.0,1419148.0,0.0,0.0,812.67,0.0,0.0,0.0,0.0,0.0,0.0,0.0,0.0,0.0,0.0,0.0,2013,2013-01-01|Otros|Infraestructura,,
2013-01-01,Otros,274433,88572,España,,Infraestructura,Nº de accesos  por tipo de acceso,,,,,,,,,FTTH,,,,,,,,,,,,,,,,,Instalados,,0.0,1689.36,0.0,350289.0,0.0,0.0,2874033.0,0.0,0.0,24786.300000000003,0.0,184.43,0.0,0.0,0.0,0.0,0.0,0.0,0.0,0.0,0.0,2013,2013-01-01|Otros|Infraestructura,,
2013-01-01,Otros,24738,8052,España,Servicio mayorista,Transporte y difusión mayorista,Clientes,,,,,,,,,,,,,,,,,,,,Difusión,,,,,,,,0.0,3.58,0.0,11.0,0.0,0.0,0.0,0.0,0.0,0.0,0.0,0.0,0.0,0.0,0.0,0.0,0.0,0.0,0.0,0.0,0.0,2013,2013-01-01|Otros|Transporte y difusión mayorista,0.03230755346990344,0.3360780569779623
2013-01-01,Otros,44493,14091,España,Servicio minorista,Banda ancha fija minorista,Ingresos,,,,,,,,,,,,,,,,,,,,,,,,,,,,0.0,46.09,0.0,0.0,0.0,0.0,121694.0,0.0,0.0,0.0,0.0,0.0,0.0,0.0,0.0,0.0,0.0,0.0,0.0,0.0,0.0,2013,2013-01-01|Otros|Banda ancha fija minorista,0.18760175838489093,0.6951853227284241
2013-01-01,Otros,12160,4026,España,Servicio mayorista,Interconexión fija,Ingresos,,,,,,,,,,,,,,,,,,,,,,,,,,,,0.0,23.57,0.0,0.0,0.0,0.0,0.0,0.0,0.0,481.27,0.0,0.0,0.0,0.0,0.0,0.0,0.0,0.0,0.0,0.0,0.0,2013,2013-01-01|Otros|Interconexión fija,1.0,1.0
2013-01-01,Otros,6156,2013,España,Servicio mayorista,Transmisión de datos mayoristas,Ingresos,,,,,,,,,,,,,,,,,,,,,,,,,,,,0.0,20.84,0.0,0.0,0.0,0.0,0.0,0.0,0.0,0.0,0.0,0.0,0.0,0.0,0.0,0.0,0.0,0.0,0.0,0.0,0.0,2013,2013-01-01|Otros|Transmisión de datos mayoristas,0.6365302382406842,0.4853362360710942
2013-01-01,Otros,12372,4026,España,Servicio mayorista,Transporte y difusión mayorista,Clientes,,,,,,,,,,,,,,,,,,,,Transporte,,,,,,,,0.0,22.34,0.0,20.0,0.0,0.0,0.0,0.0,0.0,0.0,0.0,0.0,0.0,0.0,0.0,0.0,0.0,0.0,0.0,0.0,0.0,2013,2013-01-01|Otros|Transporte y difusión mayorista,0.20160635321721865,0.3360780569779623
2013-01-01,Otros,6251,2013,España,Servicio minorista,Audiovisual minorista,Ingresos,Ingresos publicitarios,,,,,,,,,,,,,,,,Televisión,,,,,,,,,,,0.0,53.16,0.0,0.0,0.0,0.0,0.0,0.0,0.0,0.0,0.0,0.0,0.0,0.0,0.0,0.0,0.0,0.0,0.0,0.0,0.0,2013,2013-01-01|Otros|Audiovisual minorista,0.038974178507016226,0.44990624258511325
2013-01-01,Otros,6252,2013,España,Servicio minorista,Audiovisual minorista,Ingresos,Ingresos publicitarios,,,,,,,,,,,,,,,,Televisión,,,,,,,,,,,0.0,19.56,0.0,0.0,0.0,0.0,0.0,0.0,0.0,0.0,0.0,0.0,0.0,0.0,0.0,0.0,0.0,0.0,0.0,0.0,0.0,2013,2013-01-01|Otros|Audiovisual minorista,0.014340386222671886,0.44990624258511325
2013-01-01,Vodafone,185526,58377,España,,Infraestructura,Nº de accesos  por tipo de acceso,,,,,,,,,FTTH,,,,,,,,,,,,,,,,,Instalados,,0.0,3967.85,0.0,1253859.0,0.0,0.0,22946882.0,0.0,0.0,43300.57,0.0,3299.32,0.0,0.0,0.0,0.0,0.0,0.0,0.0,0.0,0.0,2013,2013-01-01|Vodafone|Infraestructura,,
2013-01-01,Otros,77226,24156,España,Servicio mayorista,Interconexión móvil,Ingresos,,,,,,,,,,,,,,,,,,,,,,,,,,,,0.0,675.7,0.0,0.0,0.0,0.0,6202320.0,0.0,0.0,7337.39,0.0,596.07,0.0,0.0,0.0,0.0,0.0,0.0,0.0,0.0,0.0,2013,2013-01-01|Otros|Interconexión móvil,1.0,1.0
2013-01-01,Nan,2396067,766953,España,,Infraestructura,Nº de accesos  por tipo de acceso,,,,,,,,,FTTH,,,,,,,,,,,,,,,,,En servicio,,33844.55,8099.7,15689144.0,0.0,172100000.0,368.2,18777313.0,8716664.0,242609.08,0.0,9922.91,0.0,5061547.399999999,5061547.399999999,195349.0,4604993.0,5698387.0,0.0,39939.0,25147.0,112789.0,2013,2013-01-01|Nan|Infraestructura,,
2014-01-01,Otros,7105,2014,España,Servicio minorista,Comunicaciones de Empresa,Ingresos,,,,,,,,,,,,,Transmisión de datos,,,,,,,,,,,,,,,0.0,25.97,0.0,0.0,0.0,0.0,0.0,0.0,0.0,0.0,0.0,0.0,0.0,0.0,0.0,0.0,0.0,0.0,0.0,0.0,0.0,2014,2014-01-01|Otros|Comunicaciones de Empresa,0.6975557346226162,0.5780565365645631
2014-01-01,Otros,6820,2014,España,Servicio mayorista,Transmisión de datos mayoristas,Ingresos,,,,,,,,,,,,,,,,,,,,,,,,,,,,0.0,3.23,0.0,0.0,0.0,0.0,0.0,0.0,0.0,0.0,0.0,0.0,0.0,0.0,0.0,0.0,0.0,0.0,0.0,0.0,0.0,2014,2014-01-01|Otros|Transmisión de datos mayoristas,0.10211824217515017,0.48147071602984587
2014-01-01,Otros,6880,2014,España,Servicio minorista,Audiovisual minorista,Ingresos,Ingresos publicitarios,,,,,,,,,,,,,,,,Televisión,,,,,,,,,,,0.0,705.52,0.0,0.0,0.0,0.0,0.0,0.0,0.0,0.0,0.0,0.0,0.0,0.0,0.0,0.0,0.0,0.0,0.0,0.0,0.0,2014,2014-01-01|Otros|Audiovisual minorista,0.47490256527621655,0.45360354112558365
2014-01-01,Otros,27364,8056,España,Servicio mayorista,Transporte y difusión mayorista,Clientes,,,,,,,,,,,,,,,,,,,,Difusión,,,,,,,,0.0,20.71,0.0,109.0,0.0,0.0,0.0,0.0,0.0,0.0,0.0,0.0,0.0,0.0,0.0,0.0,0.0,0.0,0.0,0.0,0.0,2014,2014-01-01|Otros|Transporte y difusión mayorista,0.18206593406593408,0.3563676348267117
2014-01-01,Otros,6642,2014,España,,Infraestructura,Km de fibra oscura,,,,,,,,,,,,,,,,,,,,,,,,,,Pares de fibra,,0.0,0.0,0.0,0.0,0.0,0.0,0.0,0.0,0.0,0.0,0.0,0.0,0.0,0.0,0.0,0.0,0.0,7032.0,0.0,0.0,0.0,2014,2014-01-01|Otros|Infraestructura,,
2014-01-01,Otros,6723,2014,España,Servicio mayorista,Circuitos alquilados mayoristas,Ingresos,,,,,,,,,,,,,,,,,,,,,,,,,,,,0.0,13.38,0.0,0.0,0.0,0.0,0.0,0.0,0.0,0.0,0.0,0.0,0.0,0.0,0.0,0.0,0.0,0.0,0.0,0.0,0.0,2014,2014-01-01|Otros|Circuitos alquilados mayoristas,0.04031334739379332,0.6160959356325906
2014-01-01,Otros,34096,10070,España,Servicio mayorista,Circuitos alquilados mayoristas,Ingresos,,,,,,,,,,,,,,,,,,,,,,,,,,,,0.0,251.35,0.0,513.0,0.0,0.0,0.0,0.0,0.0,0.0,0.0,0.0,0.0,0.0,0.0,0.0,0.0,0.0,0.0,0.0,0.0,2014,2014-01-01|Otros|Circuitos alquilados mayoristas,0.7573064175956614,0.6160959356325906
2014-01-01,Otros,6821,2014,España,Servicio mayorista,Transmisión de datos mayoristas,Ingresos,,,,,,,,,,,,,,,,,,,,,,,,,,,,0.0,8.37,0.0,0.0,0.0,0.0,0.0,0.0,0.0,0.0,0.0,0.0,0.0,0.0,0.0,0.0,0.0,0.0,0.0,0.0,0.0,2014,2014-01-01|Otros|Transmisión de datos mayoristas,0.26462219411950677,0.48147071602984587
2014-01-01,Otros,20938,6042,España,Servicio mayorista,Circuitos alquilados mayoristas,Ingresos,,,,,,,,,,,,,,,,,,,,,,,,,,,,0.0,67.17,0.0,0.0,0.0,0.0,0.0,0.0,0.0,0.0,0.0,0.0,0.0,0.0,0.0,0.0,0.0,0.0,0.0,0.0,0.0,2014,2014-01-01|Otros|Circuitos alquilados mayoristas,0.20238023501054536,0.6160959356325906
2014-01-01,Otros,6643,2014,España,,Infraestructura,Km de fibra oscura,,,,,,,,,,,,,,,,,,,,,,,,,,Pares de fibra,,0.0,0.0,0.0,0.0,0.0,0.0,0.0,0.0,0.0,0.0,0.0,0.0,0.0,0.0,0.0,0.0,0.0,4265.0,0.0,0.0,0.0,2014,2014-01-01|Otros|Infraestructura,,
2014-01-01,Otros,64841,18126,España,Servicio minorista,Banda Ancha móvil,Ingresos,,,,,,,,,,,,,,,,,,,,,,,,,,,,0.0,48.15,0.0,0.0,0.0,0.0,777733.0,0.0,0.0,1305.5700000000002,0.0,34.38,0.0,0.0,0.0,0.0,0.0,0.0,0.0,0.0,0.0,2014,2014-01-01|Otros|Banda Ancha móvil,0.04413260863587619,0.8866669188918322
2014-01-01,Otros,98754,28196,España,Servicio minorista,Banda ancha fija minorista,Ingresos,,,,,,,,,,,,,,,,,,,,,,,,,,,,0.0,190.22,0.0,324239.0,0.0,0.0,646003.0,0.0,0.0,835.61,0.0,0.0,0.0,0.0,0.0,0.0,0.0,0.0,0.0,0.0,0.0,2014,2014-01-01|Otros|Banda ancha fija minorista,0.7971002346630909,0.6765370988737274
2014-01-01,Otros,7109,2014,España,Servicio minorista,Comunicaciones de Empresa,Ingresos,,,,,,,,,,,,,Alquiler de circuitos,,,,,,,,,,,,,,,0.0,11.26,0.0,0.0,0.0,0.0,0.0,0.0,0.0,0.0,0.0,0.0,0.0,0.0,0.0,0.0,0.0,0.0,0.0,0.0,0.0,2014,2014-01-01|Otros|Comunicaciones de Empresa,0.30244426537738384,0.5780565365645631
2014-01-01,Otros,57775,16112,España,Servicio minorista,Banda Ancha móvil,Ingresos,,,,,,,,,,,,,,,,,,,,,,,,,,,,0.0,16.799999999999997,0.0,0.0,0.0,0.0,259606.0,0.0,0.0,94.31,0.0,5.43,0.0,0.0,0.0,0.0,0.0,0.0,0.0,0.0,0.0,2014,2014-01-01|Otros|Banda Ancha móvil,0.015398293355819728,0.8866669188918322
2014-01-01,Otros,6644,2014,España,,Infraestructura,Km de fibra oscura,,,,,,,,,,,,,,,,,,,,,,,,,,Pares de fibra,,0.0,0.0,0.0,0.0,0.0,0.0,0.0,0.0,0.0,0.0,0.0,0.0,0.0,0.0,0.0,0.0,0.0,397226.0,0.0,0.0,0.0,2014,2014-01-01|Otros|Infraestructura,,
2014-01-01,Otros,6645,2014,España,,Infraestructura,Km de fibra oscura,,,,,,,,,,,,,,,,,,,,,,,,,,Pares de fibra,,0.0,0.0,0.0,0.0,0.0,0.0,0.0,0.0,0.0,0.0,0.0,0.0,0.0,0.0,0.0,0.0,0.0,9809.0,0.0,0.0,0.0,2014,2014-01-01|Otros|Infraestructura,,
2014-01-01,Otros,27380,8056,España,Servicio mayorista,Transporte y difusión mayorista,Clientes,,,,,,,,,,,,,,,,,,,,Difusión,,,,,,,,0.0,8.530000000000001,0.0,17.0,0.0,0.0,0.0,0.0,0.0,0.0,0.0,0.0,0.0,0.0,0.0,0.0,0.0,0.0,0.0,0.0,0.0,2014,2014-01-01|Otros|Transporte y difusión mayorista,0.07498901098901099,0.3563676348267117
2014-01-01,Otros,84422,24168,España,,Infraestructura,Nº de accesos  por tipo de acceso,,,,,,,,,FTTH,,,,,,,,,,,,,,,,,Instalados,,0.0,687.4200000000001,0.0,1694492.0,0.0,0.0,6243755.0,0.0,0.0,4444.18,0.0,0.0,0.0,0.0,0.0,0.0,0.0,0.0,0.0,0.0,0.0,2014,2014-01-01|Otros|Infraestructura,,
2014-01-01,Otros,6646,2014,España,,Infraestructura,Km de fibra oscura,,,,,,,,,,,,,,,,,,,,,,,,,,Pares de fibra,,0.0,0.0,0.0,0.0,0.0,0.0,0.0,0.0,0.0,0.0,0.0,0.0,0.0,0.0,0.0,0.0,0.0,191845.0,0.0,0.0,0.0,2014,2014-01-01|Otros|Infraestructura,,
2014-01-01,Mediaset España,6881,2014,España,Servicio minorista,Audiovisual minorista,Ingresos,Ingresos publicitarios,,,,,,,,,,,,,,,,Televisión,,,,,,,,,,,0.0,707.04,0.0,0.0,0.0,0.0,0.0,0.0,0.0,0.0,0.0,0.0,0.0,0.0,0.0,0.0,0.0,0.0,0.0,0.0,0.0,2014,2014-01-01|Mediaset España|Audiovisual minorista,0.4759257140164646,0.45360354112558365
2014-01-01,Movistar,327157,94658,España,,Infraestructura,Nº de accesos  por tipo de acceso,,,,,,,,,FTTH,,,,,,,,,,,,,,,,,Instalados,,0.0,9800.93,0.0,7838064.0,0.0,0.0,76121094.0,0.0,0.0,105941.93,0.0,2701.78,0.0,0.0,0.0,0.0,0.0,0.0,0.0,0.0,0.0,2014,2014-01-01|Movistar|Infraestructura,,
2014-01-01,Otros,86801,24168,España,Servicio minorista,Banda Ancha móvil,Ingresos,,,,,,,,,,,,,,,,,,,,,,,,,,,,0.0,1026.08,0.0,0.0,0.0,0.0,13057932.0,0.0,0.0,12933.12,0.0,233.29,0.0,0.0,0.0,0.0,0.0,0.0,0.0,0.0,0.0,2014,2014-01-01|Otros|Banda Ancha móvil,0.940469098008304,0.8866669188918322
2014-01-01,Otros,98146,28196,España,,Infraestructura,Nº de accesos  por tipo de acceso,,,,,,,,,FTTH,,,,,,,,,,,,,,,,,Instalados,,0.0,759.41,0.0,1889724.0,0.0,0.0,11169325.0,0.0,0.0,7009.42,0.0,0.0,0.0,0.0,0.0,0.0,0.0,0.0,0.0,0.0,0.0,2014,2014-01-01|Otros|Infraestructura,,
2014-01-01,Orange,212519,60420,España,,Infraestructura,Nº de accesos  por tipo de acceso,,,,,,,,,FTTH,,,,,,,,,,,,,,,,,Instalados,,0.0,3323.56,0.0,2041815.0,0.0,0.0,25038996.0,0.0,0.0,43732.71,0.0,1654.47,0.0,0.0,0.0,0.0,0.0,0.0,0.0,0.0,0.0,2014,2014-01-01|Orange|Infraestructura,,
2014-01-01,Otros,13707,4028,España,Servicio mayorista,Transporte y difusión mayorista,Clientes,,,,,,,,,,,,,,,,,,,,Transporte,,,,,,,,0.0,60.66,0.0,276.0,0.0,0.0,0.0,0.0,0.0,0.0,0.0,0.0,0.0,0.0,0.0,0.0,0.0,0.0,0.0,0.0,0.0,2014,2014-01-01|Otros|Transporte y difusión mayorista,0.5332747252747252,0.3563676348267117
2014-01-01,Otros,98570,28196,España,,Infraestructura,Nº de accesos  por tipo de acceso,,,,,,,,,FTTH,,,,,,,,,,,,,,,,,Instalados,,0.0,110.87,0.0,253931.0,0.0,0.0,1455133.0,0.0,0.0,713.32,0.0,0.0,0.0,0.0,0.0,0.0,0.0,0.0,0.0,0.0,0.0,2014,2014-01-01|Otros|Infraestructura,,
2014-01-01,Otros,6647,2014,España,,Infraestructura,Km de fibra oscura,,,,,,,,,,,,,,,,,,,,,,,,,,Pares de fibra,,0.0,0.0,0.0,0.0,0.0,0.0,0.0,0.0,0.0,0.0,0.0,0.0,0.0,0.0,0.0,0.0,0.0,869031.0,0.0,0.0,0.0,2014,2014-01-01|Otros|Infraestructura,,
2014-01-01,Otros,317992,92644,España,,Infraestructura,Km de fibra oscura,,,,,,,,,,,,,,,,,,,,,,,,,,Pares de fibra,,0.0,1571.06,0.0,356990.0,0.0,0.0,3008326.0,0.0,0.0,26242.91,0.0,274.13,0.0,0.0,0.0,0.0,0.0,172396.7,0.0,0.0,0.0,2014,2014-01-01|Otros|Infraestructura,,
2014-01-01,Otros,27428,8056,España,Servicio mayorista,Transporte y difusión mayorista,Clientes,,,,,,,,,,,,,,,,,,,,Difusión,,,,,,,,0.0,3.4000000000000004,0.0,10.0,0.0,0.0,0.0,0.0,0.0,0.0,0.0,0.0,0.0,0.0,0.0,0.0,0.0,0.0,0.0,0.0,0.0,2014,2014-01-01|Otros|Transporte y difusión mayorista,0.029890109890109894,0.3563676348267117
2014-01-01,Otros,56326,16112,España,Servicio minorista,Banda ancha fija minorista,Ingresos,,,,,,,,,,,,,,,,,,,,,,,,,,,,0.0,48.42,0.0,0.0,0.0,0.0,127141.0,0.0,0.0,0.0,0.0,0.0,0.0,0.0,0.0,0.0,0.0,0.0,0.0,0.0,0.0,2014,2014-01-01|Otros|Banda ancha fija minorista,0.20289976533690918,0.6765370988737274
2014-01-01,Otros,13508,4028,España,Servicio mayorista,Interconexión fija,Ingresos,,,,,,,,,,,,,,,,,,,,,,,,,,,,0.0,27.81,0.0,0.0,0.0,0.0,0.0,0.0,0.0,562.09,0.0,0.0,0.0,0.0,0.0,0.0,0.0,0.0,0.0,0.0,0.0,2014,2014-01-01|Otros|Interconexión fija,1.0,1.0
2014-01-01,Otros,6830,2014,España,Servicio mayorista,Transmisión de datos mayoristas,Ingresos,,,,,,,,,,,,,,,,,,,,,,,,,,,,0.0,20.03,0.0,0.0,0.0,0.0,0.0,0.0,0.0,0.0,0.0,0.0,0.0,0.0,0.0,0.0,0.0,0.0,0.0,0.0,0.0,2014,2014-01-01|Otros|Transmisión de datos mayoristas,0.633259563705343,0.48147071602984587
2014-01-01,Otros,13717,4028,España,Servicio mayorista,Transporte y difusión mayorista,Clientes,,,,,,,,,,,,,,,,,,,,Transporte,,,,,,,,0.0,20.45,0.0,19.0,0.0,0.0,0.0,0.0,0.0,0.0,0.0,0.0,0.0,0.0,0.0,0.0,0.0,0.0,0.0,0.0,0.0,2014,2014-01-01|Otros|Transporte y difusión mayorista,0.17978021978021977,0.3563676348267117
2014-01-01,Otros,6922,2014,España,Servicio minorista,Audiovisual minorista,Ingresos,Ingresos publicitarios,,,,,,,,,,,,,,,,Televisión,,,,,,,,,,,0.0,56.37,0.0,0.0,0.0,0.0,0.0,0.0,0.0,0.0,0.0,0.0,0.0,0.0,0.0,0.0,0.0,0.0,0.0,0.0,0.0,2014,2014-01-01|Otros|Audiovisual minorista,0.03794400953143826,0.45360354112558365
2014-01-01,Otros,6923,2014,España,Servicio minorista,Audiovisual minorista,Ingresos,Ingresos publicitarios,,,,,,,,,,,,,,,,Televisión,,,,,,,,,,,0.0,16.68,0.0,0.0,0.0,0.0,0.0,0.0,0.0,0.0,0.0,0.0,0.0,0.0,0.0,0.0,0.0,0.0,0.0,0.0,0.0,2014,2014-01-01|Otros|Audiovisual minorista,0.011227711175880615,0.45360354112558365
2014-01-01,Vodafone,219460,62434,España,,Infraestructura,Nº de accesos  por tipo de acceso,,,,,,,,,FTTH,,,,,,,,,,,,,,,,,Instalados,,0.0,3501.36,0.0,1420764.0,0.0,0.0,24924096.0,0.0,0.0,42150.62,0.0,2552.77,0.0,0.0,0.0,0.0,0.0,0.0,0.0,0.0,0.0,2014,2014-01-01|Vodafone|Infraestructura,,
2014-01-01,Otros,6649,2014,España,,Infraestructura,Km de fibra oscura,,,,,,,,,,,,,,,,,,,,,,,,,,Pares de fibra,,0.0,0.0,0.0,0.0,0.0,0.0,0.0,0.0,0.0,0.0,0.0,0.0,0.0,0.0,0.0,0.0,0.0,57540.0,0.0,0.0,0.0,2014,2014-01-01|Otros|Infraestructura,,
2014-01-01,Otros,85431,24168,España,Servicio mayorista,Interconexión móvil,Ingresos,,,,,,,,,,,,,,,,,,,,,,,,,,,,0.0,640.83,0.0,0.0,0.0,0.0,6567860.0,0.0,0.0,9481.79,0.0,425.11,0.0,0.0,0.0,0.0,0.0,0.0,0.0,0.0,0.0,2014,2014-01-01|Otros|Interconexión móvil,1.0,1.0
2014-01-01,Nan,2696833,779418,España,,Infraestructura,Nº de accesos  por tipo de acceso,,,,,,,,,FTTH,,,,,,,,,,,,,,,,,En servicio,,31491.41,7738.379999999999,15820963.0,0.0,189034954.0,405.6,19637954.0,8188902.0,255447.57,0.0,7881.36,0.0,6822042.79,6822042.79,198088.0,3904117.0,6179503.0,0.0,34735.0,23382.0,124300.0,2014,2014-01-01|Nan|Infraestructura,,
2015-01-01,Otros,7789,2015,España,Servicio minorista,Comunicaciones de Empresa,Ingresos,,,,,,,,,,,,,Transmisión de datos,,,,,,,,,,,,,,,0.0,25.04,0.0,0.0,0.0,0.0,0.0,0.0,0.0,0.0,0.0,0.0,0.0,0.0,0.0,0.0,0.0,0.0,0.0,0.0,0.0,2015,2015-01-01|Otros|Comunicaciones de Empresa,0.6648964418481147,0.5543816730683373
2015-01-01,Otros,7499,2015,España,Servicio mayorista,Transmisión de datos mayoristas,Ingresos,,,,,,,,,,,,,,,,,,,,,,,,,,,,0.0,2.93,0.0,0.0,0.0,0.0,0.0,0.0,0.0,0.0,0.0,0.0,0.0,0.0,0.0,0.0,0.0,0.0,0.0,0.0,0.0,2015,2015-01-01|Otros|Transmisión de datos mayoristas,0.10017094017094018,0.516091927825261
2015-01-01,Otros,7557,2015,España,Servicio minorista,Audiovisual minorista,Ingresos,Ingresos publicitarios,,,,,,,,,,,,,,,,Televisión,,,,,,,,,,,0.0,765.31,0.0,0.0,0.0,0.0,0.0,0.0,0.0,0.0,0.0,0.0,0.0,0.0,0.0,0.0,0.0,0.0,0.0,0.0,0.0,2015,2015-01-01|Otros|Audiovisual minorista,0.4867052905375756,0.45750602794362455
2015-01-01,Otros,30080,8060,España,Servicio mayorista,Transporte y difusión mayorista,Clientes,,,,,,,,,,,,,,,,,,,,Difusión,,,,,,,,0.0,20.77,0.0,108.0,0.0,0.0,0.0,0.0,0.0,0.0,0.0,0.0,0.0,0.0,0.0,0.0,0.0,0.0,0.0,0.0,0.0,2015,2015-01-01|Otros|Transporte y difusión mayorista,0.173967668984002,0.3746333065994987
2015-01-01,Otros,7329,2015,España,,Infraestructura,Km de fibra oscura,,,,,,,,,,,,,,,,,,,,,,,,,,Pares de fibra,,0.0,0.0,0.0,0.0,0.0,0.0,0.0,0.0,0.0,0.0,0.0,0.0,0.0,0.0,0.0,0.0,0.0,7032.0,0.0,0.0,0.0,2015,2015-01-01|Otros|Infraestructura,,
2015-01-01,Otros,7407,2015,España,Servicio mayorista,Circuitos alquilados mayoristas,Ingresos,,,,,,,,,,,,,,,,,,,,,,,,,,,,0.0,13.03,0.0,0.0,0.0,0.0,0.0,0.0,0.0,0.0,0.0,0.0,0.0,0.0,0.0,0.0,0.0,0.0,0.0,0.0,0.0,2015,2015-01-01|Otros|Circuitos alquilados mayoristas,0.039055240835656264,0.529065348906284
2015-01-01,Otros,37496,10075,España,Servicio mayorista,Circuitos alquilados mayoristas,Ingresos,,,,,,,,,,,,,,,,,,,,,,,,,,,,0.0,220.83,0.0,477.0,0.0,0.0,0.0,0.0,0.0,0.0,0.0,0.0,0.0,0.0,0.0,0.0,0.0,0.0,0.0,0.0,0.0,2015,2015-01-01|Otros|Circuitos alquilados mayoristas,0.6619009081917094,0.529065348906284
2015-01-01,Otros,7500,2015,España,Servicio mayorista,Transmisión de datos mayoristas,Ingresos,,,,,,,,,,,,,,,,,,,,,,,,,,,,0.0,6.58,0.0,0.0,0.0,0.0,0.0,0.0,0.0,0.0,0.0,0.0,0.0,0.0,0.0,0.0,0.0,0.0,0.0,0.0,0.0,2015,2015-01-01|Otros|Transmisión de datos mayoristas,0.22495726495726495,0.516091927825261
2015-01-01,Otros,22990,6045,España,Servicio mayorista,Circuitos alquilados mayoristas,Ingresos,,,,,,,,,,,,,,,,,,,,,,,,,,,,0.0,99.77,0.0,0.0,0.0,0.0,0.0,0.0,0.0,0.0,0.0,0.0,0.0,0.0,0.0,0.0,0.0,0.0,0.0,0.0,0.0,2015,2015-01-01|Otros|Circuitos alquilados mayoristas,0.29904385097263436,0.529065348906284
2015-01-01,Otros,7330,2015,España,,Infraestructura,Km de fibra oscura,,,,,,,,,,,,,,,,,,,,,,,,,,Pares de fibra,,0.0,0.0,0.0,0.0,0.0,0.0,0.0,0.0,0.0,0.0,0.0,0.0,0.0,0.0,0.0,0.0,0.0,4458.0,0.0,0.0,0.0,2015,2015-01-01|Otros|Infraestructura,,
2015-01-01,Otros,70967,18135,España,Servicio minorista,Banda Ancha móvil,Ingresos,,,,,,,,,,,,,,,,,,,,,,,,,,,,0.0,65.11,0.0,0.0,0.0,0.0,938896.0,0.0,0.0,1831.96,0.0,40.24,0.0,0.0,0.0,0.0,0.0,0.0,0.0,0.0,0.0,2015,2015-01-01|Otros|Banda Ancha móvil,0.0752542764678687,0.7880063703773527
2015-01-01,Otros,123551,32240,España,Servicio minorista,Banda ancha fija minorista,Ingresos,,,,,,,,,,,,,,,,,,,,,,,,,,,,0.0,187.61,0.0,322506.0,0.0,0.0,651340.0,0.0,0.0,737.45,0.0,0.0,0.0,0.0,0.0,0.0,0.0,0.0,0.0,0.0,0.0,2015,2015-01-01|Otros|Banda ancha fija minorista,0.19846399593784053,0.6053536541748918
2015-01-01,Otros,7793,2015,España,Servicio minorista,Comunicaciones de Empresa,Ingresos,,,,,,,,,,,,,Alquiler de circuitos,,,,,,,,,,,,,,,0.0,12.62,0.0,0.0,0.0,0.0,0.0,0.0,0.0,0.0,0.0,0.0,0.0,0.0,0.0,0.0,0.0,0.0,0.0,0.0,0.0,2015,2015-01-01|Otros|Comunicaciones de Empresa,0.3351035581518853,0.5543816730683373
2015-01-01,Otros,63217,16120,España,Servicio minorista,Banda Ancha móvil,Ingresos,,,,,,,,,,,,,,,,,,,,,,,,,,,,0.0,35.650000000000006,0.0,0.0,0.0,0.0,597626.0,0.0,0.0,228.72,0.0,7.23,0.0,0.0,0.0,0.0,0.0,0.0,0.0,0.0,0.0,2015,2015-01-01|Otros|Banda Ancha móvil,0.04120434581599631,0.7880063703773527
2015-01-01,Otros,7331,2015,España,,Infraestructura,Km de fibra oscura,,,,,,,,,,,,,,,,,,,,,,,,,,Pares de fibra,,0.0,0.0,0.0,0.0,0.0,0.0,0.0,0.0,0.0,0.0,0.0,0.0,0.0,0.0,0.0,0.0,0.0,402198.0,0.0,0.0,0.0,2015,2015-01-01|Otros|Infraestructura,,
2015-01-01,Otros,30096,8060,España,Servicio mayorista,Transporte y difusión mayorista,Clientes,,,,,,,,,,,,,,,,,,,,Difusión,,,,,,,,0.0,8.29,0.0,16.0,0.0,0.0,0.0,0.0,0.0,0.0,0.0,0.0,0.0,0.0,0.0,0.0,0.0,0.0,0.0,0.0,0.0,2015,2015-01-01|Otros|Transporte y difusión mayorista,0.06943630119775525,0.3746333065994987
2015-01-01,Otros,92908,24180,España,Servicio minorista,Banda ancha fija minorista,Ingresos,,,,,,,,,,,,,,,,,,,,,,,,,,,,0.0,709.53,0.0,1719881.0,0.0,0.0,3319151.0,0.0,0.0,3733.46,0.0,0.0,0.0,0.0,0.0,0.0,0.0,0.0,0.0,0.0,0.0,2015,2015-01-01|Otros|Banda ancha fija minorista,0.7505791750854217,0.6053536541748918
2015-01-01,Otros,7332,2015,España,,Infraestructura,Km de fibra oscura,,,,,,,,,,,,,,,,,,,,,,,,,,Pares de fibra,,0.0,0.0,0.0,0.0,0.0,0.0,0.0,0.0,0.0,0.0,0.0,0.0,0.0,0.0,0.0,0.0,0.0,284719.14,0.0,0.0,0.0,2015,2015-01-01|Otros|Infraestructura,,
2015-01-01,Mediaset España,7558,2015,España,Servicio minorista,Audiovisual minorista,Ingresos,Ingresos publicitarios,,,,,,,,,,,,,,,,Televisión,,,,,,,,,,,0.0,736.16,0.0,0.0,0.0,0.0,0.0,0.0,0.0,0.0,0.0,0.0,0.0,0.0,0.0,0.0,0.0,0.0,0.0,0.0,0.0,2015,2015-01-01|Mediaset España|Audiovisual minorista,0.46816710441800274,0.45750602794362455
2015-01-01,Movistar,359209,94705,España,,Infraestructura,Nº de accesos  por tipo de acceso,,,,,,,,,FTTH,,,,,,,,,,,,,,,,,Instalados,,0.0,9283.06,0.0,7508992.0,0.0,0.0,79363064.0,0.0,0.0,100926.43,0.0,2479.2000000000003,0.0,0.0,0.0,0.0,0.0,0.0,0.0,0.0,0.0,2015,2015-01-01|Movistar|Infraestructura,,
2015-01-01,Otros,94964,24180,España,Servicio minorista,Banda Ancha móvil,Ingresos,,,,,,,,,,,,,,,,,,,,,,,,,,,,0.0,764.44,0.0,0.0,0.0,0.0,11027760.0,0.0,0.0,10662.89,0.0,195.98,0.0,0.0,0.0,0.0,0.0,0.0,0.0,0.0,0.0,2015,2015-01-01|Otros|Banda Ancha móvil,0.8835413777161351,0.7880063703773527
2015-01-01,Orange,232944,60450,España,,Infraestructura,Nº de accesos  por tipo de acceso,,,,,,,,,FTTH,,,,,,,,,,,,,,,,,Instalados,,0.0,3271.33,0.0,2225206.0,0.0,0.0,32552548.0,0.0,0.0,48245.29,0.0,1755.46,0.0,0.0,0.0,0.0,0.0,0.0,0.0,0.0,0.0,2015,2015-01-01|Orange|Infraestructura,,
2015-01-01,Otros,15065,4030,España,Servicio mayorista,Transporte y difusión mayorista,Clientes,,,,,,,,,,,,,,,,,,,,Transporte,,,,,,,,0.0,66.59,0.0,289.0,0.0,0.0,0.0,0.0,0.0,0.0,0.0,0.0,0.0,0.0,0.0,0.0,0.0,0.0,0.0,0.0,0.0,2015,2015-01-01|Otros|Transporte y difusión mayorista,0.5577519055197253,0.3746333065994987
2015-01-01,Otros,115824,30225,España,,Infraestructura,Nº de accesos  por tipo de acceso,,,,,,,,,FTTH,,,,,,,,,,,,,,,,,Instalados,,0.0,110.92,0.0,254298.0,0.0,0.0,1504316.0,0.0,0.0,642.71,0.0,0.0,0.0,0.0,0.0,0.0,0.0,0.0,0.0,0.0,0.0,2015,2015-01-01|Otros|Infraestructura,,
2015-01-01,Otros,7333,2015,España,,Infraestructura,Km de fibra oscura,,,,,,,,,,,,,,,,,,,,,,,,,,Pares de fibra,,0.0,0.0,0.0,0.0,0.0,0.0,0.0,0.0,0.0,0.0,0.0,0.0,0.0,0.0,0.0,0.0,0.0,870879.0,0.0,0.0,0.0,2015,2015-01-01|Otros|Infraestructura,,
2015-01-01,Otros,349344,92690,España,,Infraestructura,Km de fibra oscura,,,,,,,,,,,,,,,,,,,,,,,,,,Pares de fibra,,0.0,1179.55,0.0,351035.0,0.0,0.0,3357129.0,0.0,0.0,16613.0,0.0,228.71,0.0,0.0,0.0,0.0,0.0,76905.3,0.0,0.0,0.0,2015,2015-01-01|Otros|Infraestructura,,
2015-01-01,Otros,30144,8060,España,Servicio mayorista,Transporte y difusión mayorista,Clientes,,,,,,,,,,,,,,,,,,,,Difusión,,,,,,,,0.0,4.0,0.0,9.0,0.0,0.0,0.0,0.0,0.0,0.0,0.0,0.0,0.0,0.0,0.0,0.0,0.0,0.0,0.0,0.0,0.0,2015,2015-01-01|Otros|Transporte y difusión mayorista,0.03350364352123293,0.3746333065994987
2015-01-01,Otros,61778,16120,España,Servicio minorista,Banda ancha fija minorista,Ingresos,,,,,,,,,,,,,,,,,,,,,,,,,,,,0.0,48.17,0.0,0.0,0.0,0.0,126852.0,0.0,0.0,0.0,0.0,0.0,0.0,0.0,0.0,0.0,0.0,0.0,0.0,0.0,0.0,2015,2015-01-01|Otros|Banda ancha fija minorista,0.0509568289767378,0.6053536541748918
2015-01-01,Otros,14870,4030,España,Servicio mayorista,Interconexión fija,Ingresos,,,,,,,,,,,,,,,,,,,,,,,,,,,,0.0,26.35,0.0,0.0,0.0,0.0,0.0,0.0,0.0,519.65,0.0,0.0,0.0,0.0,0.0,0.0,0.0,0.0,0.0,0.0,0.0,2015,2015-01-01|Otros|Interconexión fija,1.0,1.0
2015-01-01,Otros,7508,2015,España,Servicio mayorista,Transmisión de datos mayoristas,Ingresos,,,,,,,,,,,,,,,,,,,,,,,,,,,,0.0,19.74,0.0,0.0,0.0,0.0,0.0,0.0,0.0,0.0,0.0,0.0,0.0,0.0,0.0,0.0,0.0,0.0,0.0,0.0,0.0,2015,2015-01-01|Otros|Transmisión de datos mayoristas,0.6748717948717948,0.516091927825261
2015-01-01,Otros,15075,4030,España,Servicio mayorista,Transporte y difusión mayorista,Clientes,,,,,,,,,,,,,,,,,,,,Transporte,,,,,,,,0.0,19.74,0.0,16.0,0.0,0.0,0.0,0.0,0.0,0.0,0.0,0.0,0.0,0.0,0.0,0.0,0.0,0.0,0.0,0.0,0.0,2015,2015-01-01|Otros|Transporte y difusión mayorista,0.16534048077728453,0.3746333065994987
2015-01-01,Otros,7601,2015,España,Servicio minorista,Audiovisual minorista,Ingresos,Ingresos publicitarios,,,,,,,,,,,,,,,,Televisión,,,,,,,,,,,0.0,58.41,0.0,0.0,0.0,0.0,0.0,0.0,0.0,0.0,0.0,0.0,0.0,0.0,0.0,0.0,0.0,0.0,0.0,0.0,0.0,2015,2015-01-01|Otros|Audiovisual minorista,0.03714632765846493,0.45750602794362455
2015-01-01,Otros,7602,2015,España,Servicio minorista,Audiovisual minorista,Ingresos,Ingresos publicitarios,,,,,,,,,,,,,,,,Televisión,,,,,,,,,,,0.0,12.55,0.0,0.0,0.0,0.0,0.0,0.0,0.0,0.0,0.0,0.0,0.0,0.0,0.0,0.0,0.0,0.0,0.0,0.0,0.0,2015,2015-01-01|Otros|Audiovisual minorista,0.007981277385956768,0.45750602794362455
2015-01-01,Vodafone,286133,74555,España,,Infraestructura,Nº de accesos  por tipo de acceso,,,,,,,,,FTTH,,,,,,,,,,,,,,,,,Instalados,,0.0,4538.53,0.0,3748385.0,0.0,0.0,40686002.0,0.0,0.0,61326.42,0.0,2223.55,0.0,0.0,0.0,0.0,0.0,0.0,0.0,0.0,0.0,2015,2015-01-01|Vodafone|Infraestructura,,
2015-01-01,Otros,7335,2015,España,,Infraestructura,Km de fibra oscura,,,,,,,,,,,,,,,,,,,,,,,,,,Pares de fibra,,0.0,0.0,0.0,0.0,0.0,0.0,0.0,0.0,0.0,0.0,0.0,0.0,0.0,0.0,0.0,0.0,0.0,60690.0,0.0,0.0,0.0,2015,2015-01-01|Otros|Infraestructura,,
2015-01-01,Otros,93597,24180,España,Servicio mayorista,Interconexión móvil,Ingresos,,,,,,,,,,,,,,,,,,,,,,,,,,,,0.0,641.3299999999999,0.0,0.0,0.0,0.0,6297648.0,0.0,0.0,9221.72,0.0,386.99,0.0,0.0,0.0,0.0,0.0,0.0,0.0,0.0,0.0,2015,2015-01-01|Otros|Interconexión móvil,1.0,1.0
2015-01-01,Nan,2946516,775775,España,,Infraestructura,Nº de accesos  por tipo de acceso,,,,,,,,,FTTH,,,,,,,,,,,,,,,,,En servicio,,31174.55,8220.56,16131218.0,0.0,200896104.0,432.2,20473772.0,7314915.0,254689.69,0.0,7317.36,0.0,8595117.7,8595117.7,202199.0,3746513.0,5997741.0,0.0,27655.0,20979.0,138501.0,2015,2015-01-01|Nan|Infraestructura,,
2016-01-01,Otros,8236,2016,España,Servicio minorista,Audiovisual minorista,Ingresos,Ingresos publicitarios,,,,,,,,,,,,,,,,Televisión,,,,,,,,,,,0.0,11.01,0.0,0.0,0.0,0.0,0.0,0.0,0.0,0.0,0.0,0.0,0.0,0.0,0.0,0.0,0.0,0.0,0.0,0.0,0.0,2016,2016-01-01|Otros|Audiovisual minorista,0.00666872603710501,0.45674786929382205
2016-01-01,Otros,8462,2016,España,Servicio minorista,Comunicaciones de Empresa,Ingresos,,,,,,,,,,,,,Transmisión de datos,,,,,,,,,,,,,,,0.0,21.52,0.0,0.0,0.0,0.0,0.0,0.0,0.0,0.0,0.0,0.0,0.0,0.0,0.0,0.0,0.0,0.0,0.0,0.0,0.0,2016,2016-01-01|Otros|Comunicaciones de Empresa,0.706500328299409,0.5852847711755274
2016-01-01,Otros,8178,2016,España,Servicio mayorista,Transmisión de datos mayoristas,Ingresos,,,,,,,,,,,,,,,,,,,,,,,,,,,,0.0,3.64,0.0,0.0,0.0,0.0,0.0,0.0,0.0,0.0,0.0,0.0,0.0,0.0,0.0,0.0,0.0,0.0,0.0,0.0,0.0,2016,2016-01-01|Otros|Transmisión de datos mayoristas,0.09758713136729223,0.6028622357668065
2016-01-01,Otros,8237,2016,España,Servicio minorista,Audiovisual minorista,Ingresos,Ingresos publicitarios,,,,,,,,,,,,,,,,Televisión,,,,,,,,,,,0.0,803.66,0.0,0.0,0.0,0.0,0.0,0.0,0.0,0.0,0.0,0.0,0.0,0.0,0.0,0.0,0.0,0.0,0.0,0.0,0.0,2016,2016-01-01|Otros|Audiovisual minorista,0.48677460190552335,0.45674786929382205
2016-01-01,Otros,32800,8064,España,Servicio mayorista,Transporte y difusión mayorista,Clientes,,,,,,,,,,,,,,,,,,,,Difusión,,,,,,,,0.0,20.94,0.0,106.0,0.0,0.0,0.0,0.0,0.0,0.0,0.0,0.0,0.0,0.0,0.0,0.0,0.0,0.0,0.0,0.0,0.0,2016,2016-01-01|Otros|Transporte y difusión mayorista,0.17371826779492286,0.3743098262343539
2016-01-01,Otros,8008,2016,España,,Infraestructura,Km de fibra oscura,,,,,,,,,,,,,,,,,,,,,,,,,,Pares de fibra,,0.0,0.0,0.0,0.0,0.0,0.0,0.0,0.0,0.0,0.0,0.0,0.0,0.0,0.0,0.0,0.0,0.0,7032.0,0.0,0.0,0.0,2016,2016-01-01|Otros|Infraestructura,,
2016-01-01,Otros,8085,2016,España,Servicio mayorista,Circuitos alquilados mayoristas,Ingresos,,,,,,,,,,,,,,,,,,,,,,,,,,,,0.0,12.44,0.0,0.0,0.0,0.0,0.0,0.0,0.0,0.0,0.0,0.0,0.0,0.0,0.0,0.0,0.0,0.0,0.0,0.0,0.0,2016,2016-01-01|Otros|Circuitos alquilados mayoristas,0.029249941217963787,0.39733704798576774
2016-01-01,Otros,40894,10080,España,Servicio mayorista,Circuitos alquilados mayoristas,Ingresos,,,,,,,,,,,,,,,,,,,,,,,,,,,,0.0,236.31,0.0,476.0,0.0,0.0,0.0,0.0,0.0,0.0,0.0,0.0,0.0,0.0,0.0,0.0,0.0,0.0,0.0,0.0,0.0,2016,2016-01-01|Otros|Circuitos alquilados mayoristas,0.5556313190688925,0.39733704798576774
2016-01-01,Otros,8179,2016,España,Servicio mayorista,Transmisión de datos mayoristas,Ingresos,,,,,,,,,,,,,,,,,,,,,,,,,,,,0.0,5.45,0.0,0.0,0.0,0.0,0.0,0.0,0.0,0.0,0.0,0.0,0.0,0.0,0.0,0.0,0.0,0.0,0.0,0.0,0.0,2016,2016-01-01|Otros|Transmisión de datos mayoristas,0.14611260053619304,0.6028622357668065
2016-01-01,Otros,25014,6048,España,Servicio mayorista,Circuitos alquilados mayoristas,Ingresos,,,,,,,,,,,,,,,,,,,,,,,,,,,,0.0,76.27,0.0,0.0,0.0,0.0,0.0,0.0,0.0,0.0,0.0,0.0,0.0,0.0,0.0,0.0,0.0,0.0,0.0,0.0,0.0,2016,2016-01-01|Otros|Circuitos alquilados mayoristas,0.1793322360686574,0.39733704798576774
2016-01-01,Otros,8009,2016,España,,Infraestructura,Km de fibra oscura,,,,,,,,,,,,,,,,,,,,,,,,,,Pares de fibra,,0.0,0.0,0.0,0.0,0.0,0.0,0.0,0.0,0.0,0.0,0.0,0.0,0.0,0.0,0.0,0.0,0.0,4458.0,0.0,0.0,0.0,2016,2016-01-01|Otros|Infraestructura,,
2016-01-01,Otros,68549,16128,España,Servicio minorista,Banda Ancha móvil,Ingresos,,,,,,,,,,,,,,,,,,,,,,,,,,,,0.0,72.65,0.0,0.0,0.0,0.0,1002390.0,0.0,0.0,1819.47,0.0,41.24,0.0,0.0,0.0,0.0,0.0,0.0,0.0,0.0,0.0,2016,2016-01-01|Otros|Banda Ancha móvil,0.11791916896607695,0.7919715228871467
2016-01-01,Otros,150943,36288,España,Servicio minorista,Banda ancha fija minorista,Ingresos,,,,,,,,,,,,,,,,,,,,,,,,,,,,0.0,302.66,0.0,570285.0,0.0,0.0,1197235.0,0.0,0.0,1212.92,0.0,0.0,0.0,0.0,0.0,0.0,0.0,0.0,0.0,0.0,0.0,2016,2016-01-01|Otros|Banda ancha fija minorista,0.8610036413290851,0.7606472581057175
2016-01-01,Otros,8466,2016,España,Servicio minorista,Comunicaciones de Empresa,Ingresos,,,,,,,,,,,,,Alquiler de circuitos,,,,,,,,,,,,,,,0.0,8.94,0.0,0.0,0.0,0.0,0.0,0.0,0.0,0.0,0.0,0.0,0.0,0.0,0.0,0.0,0.0,0.0,0.0,0.0,0.0,2016,2016-01-01|Otros|Comunicaciones de Empresa,0.29349967170059094,0.5852847711755274
2016-01-01,Otros,135581,32256,España,,Infraestructura,Nº de accesos  por tipo de acceso,,,,,,,,,FTTH,,,,,,,,,,,,,,,,,Instalados,,0.0,54.99,0.0,77995.0,0.0,0.0,2128534.0,0.0,0.0,526.2,0.0,6.67,0.0,0.0,0.0,0.0,0.0,0.0,0.0,0.0,0.0,2016,2016-01-01|Otros|Infraestructura,,
2016-01-01,Otros,8010,2016,España,,Infraestructura,Km de fibra oscura,,,,,,,,,,,,,,,,,,,,,,,,,,Pares de fibra,,0.0,0.0,0.0,0.0,0.0,0.0,0.0,0.0,0.0,0.0,0.0,0.0,0.0,0.0,0.0,0.0,0.0,406071.0,0.0,0.0,0.0,2016,2016-01-01|Otros|Infraestructura,,
2016-01-01,Otros,32816,8064,España,Servicio mayorista,Transporte y difusión mayorista,Clientes,,,,,,,,,,,,,,,,,,,,Difusión,,,,,,,,0.0,8.3,0.0,18.0,0.0,0.0,0.0,0.0,0.0,0.0,0.0,0.0,0.0,0.0,0.0,0.0,0.0,0.0,0.0,0.0,0.0,2016,2016-01-01|Otros|Transporte y difusión mayorista,0.06885681101708976,0.3743098262343539
2016-01-01,Otros,8011,2016,España,,Infraestructura,Km de fibra oscura,,,,,,,,,,,,,,,,,,,,,,,,,,Pares de fibra,,0.0,0.0,0.0,0.0,0.0,0.0,0.0,0.0,0.0,0.0,0.0,0.0,0.0,0.0,0.0,0.0,0.0,291525.0,0.0,0.0,0.0,2016,2016-01-01|Otros|Infraestructura,,
2016-01-01,Mediaset España,8238,2016,España,Servicio minorista,Audiovisual minorista,Ingresos,Ingresos publicitarios,,,,,,,,,,,,,,,,Televisión,,,,,,,,,,,0.0,771.83,0.0,0.0,0.0,0.0,0.0,0.0,0.0,0.0,0.0,0.0,0.0,0.0,0.0,0.0,0.0,0.0,0.0,0.0,0.0,2016,2016-01-01|Mediaset España|Audiovisual minorista,0.4674952604195059,0.45674786929382205
2016-01-01,Movistar,390884,94752,España,,Infraestructura,Nº de accesos  por tipo de acceso,,,,,,,,,FTTH,,,,,,,,,,,,,,,,,Instalados,,0.0,9178.39,0.0,7144185.0,0.0,0.0,81129505.0,0.0,0.0,97828.69,0.0,3749.1,0.0,0.0,0.0,0.0,0.0,0.0,0.0,0.0,0.0,2016,2016-01-01|Movistar|Infraestructura,,
2016-01-01,Otros,102981,24192,España,Servicio minorista,Banda Ancha móvil,Ingresos,,,,,,,,,,,,,,,,,,,,,,,,,,,,0.0,543.45,0.0,0.0,0.0,0.0,7060267.0,0.0,0.0,7863.33,0.0,107.02,0.0,0.0,0.0,0.0,0.0,0.0,0.0,0.0,0.0,2016,2016-01-01|Otros|Banda Ancha móvil,0.8820808310339231,0.7919715228871467
2016-01-01,Orange,261518,62496,España,,Infraestructura,Nº de accesos  por tipo de acceso,,,,,,,,,FTTH,,,,,,,,,,,,,,,,,Instalados,,0.0,4343.139999999999,0.0,4104865.0,0.0,0.0,44714775.0,0.0,0.0,57287.99,0.0,1814.26,0.0,0.0,0.0,0.0,0.0,0.0,0.0,0.0,0.0,2016,2016-01-01|Orange|Infraestructura,,
2016-01-01,Otros,16425,4032,España,Servicio mayorista,Transporte y difusión mayorista,Clientes,,,,,,,,,,,,,,,,,,,,Transporte,,,,,,,,0.0,66.88,0.0,254.0,0.0,0.0,0.0,0.0,0.0,0.0,0.0,0.0,0.0,0.0,0.0,0.0,0.0,0.0,0.0,0.0,0.0,2016,2016-01-01|Otros|Transporte y difusión mayorista,0.5548365687738509,0.3743098262343539
2016-01-01,Otros,8012,2016,España,,Infraestructura,Km de fibra oscura,,,,,,,,,,,,,,,,,,,,,,,,,,Pares de fibra,,0.0,0.0,0.0,0.0,0.0,0.0,0.0,0.0,0.0,0.0,0.0,0.0,0.0,0.0,0.0,0.0,0.0,872035.0,0.0,0.0,0.0,2016,2016-01-01|Otros|Infraestructura,,
2016-01-01,Otros,380417,92736,España,,Infraestructura,Km de fibra oscura,,,,,,,,,,,,,,,,,,,,,,,,,,Pares de fibra,,0.0,1032.28,0.0,346847.0,0.0,0.0,4666900.0,0.0,0.0,12453.55,0.0,103.94,0.0,0.0,0.0,0.0,0.0,73190.97,0.0,0.0,0.0,2016,2016-01-01|Otros|Infraestructura,,
2016-01-01,Otros,32864,8064,España,Servicio mayorista,Transporte y difusión mayorista,Clientes,,,,,,,,,,,,,,,,,,,,Difusión,,,,,,,,0.0,3.26,0.0,10.0,0.0,0.0,0.0,0.0,0.0,0.0,0.0,0.0,0.0,0.0,0.0,0.0,0.0,0.0,0.0,0.0,0.0,2016,2016-01-01|Otros|Transporte y difusión mayorista,0.02704496432719429,0.3743098262343539
2016-01-01,Otros,67171,16128,España,Servicio minorista,Banda ancha fija minorista,Ingresos,,,,,,,,,,,,,,,,,,,,,,,,,,,,0.0,48.86,0.0,0.0,0.0,0.0,123448.0,0.0,0.0,0.0,0.0,0.0,0.0,0.0,0.0,0.0,0.0,0.0,0.0,0.0,0.0,2016,2016-01-01|Otros|Banda ancha fija minorista,0.13899635867091487,0.7606472581057175
2016-01-01,Otros,16228,4032,España,Servicio mayorista,Interconexión fija,Ingresos,,,,,,,,,,,,,,,,,,,,,,,,,,,,0.0,26.35,0.0,0.0,0.0,0.0,0.0,0.0,0.0,519.65,0.0,0.0,0.0,0.0,0.0,0.0,0.0,0.0,0.0,0.0,0.0,2016,2016-01-01|Otros|Interconexión fija,1.0,1.0
2016-01-01,Otros,8187,2016,España,Servicio mayorista,Transmisión de datos mayoristas,Ingresos,,,,,,,,,,,,,,,,,,,,,,,,,,,,0.0,28.21,0.0,0.0,0.0,0.0,0.0,0.0,0.0,0.0,0.0,0.0,0.0,0.0,0.0,0.0,0.0,0.0,0.0,0.0,0.0,2016,2016-01-01|Otros|Transmisión de datos mayoristas,0.7563002680965148,0.6028622357668065
2016-01-01,Otros,16435,4032,España,Servicio mayorista,Transporte y difusión mayorista,Clientes,,,,,,,,,,,,,,,,,,,,Transporte,,,,,,,,0.0,21.16,0.0,16.0,0.0,0.0,0.0,0.0,0.0,0.0,0.0,0.0,0.0,0.0,0.0,0.0,0.0,0.0,0.0,0.0,0.0,2016,2016-01-01|Otros|Transporte y difusión mayorista,0.1755433880869421,0.3743098262343539
2016-01-01,Otros,8277,2016,España,Servicio minorista,Audiovisual minorista,Ingresos,Ingresos publicitarios,,,,,,,,,,,,,,,,Televisión,,,,,,,,,,,0.0,56.71,0.0,0.0,0.0,0.0,0.0,0.0,0.0,0.0,0.0,0.0,0.0,0.0,0.0,0.0,0.0,0.0,0.0,0.0,0.0,2016,2016-01-01|Otros|Audiovisual minorista,0.034349087517186655,0.45674786929382205
2016-01-01,Otros,16284,4032,España,Servicio mayorista,Circuitos alquilados mayoristas,Ingresos,,,,,,,,,,,,,,,,,,,,,,,,,,,,0.0,100.28,0.0,0.0,0.0,0.0,0.0,0.0,0.0,0.0,0.0,0.0,0.0,0.0,0.0,0.0,0.0,0.0,0.0,0.0,0.0,2016,2016-01-01|Otros|Circuitos alquilados mayoristas,0.23578650364448625,0.39733704798576774
2016-01-01,Otros,8278,2016,España,Servicio minorista,Audiovisual minorista,Ingresos,Ingresos publicitarios,,,,,,,,,,,,,,,,Televisión,,,,,,,,,,,0.0,7.78,0.0,0.0,0.0,0.0,0.0,0.0,0.0,0.0,0.0,0.0,0.0,0.0,0.0,0.0,0.0,0.0,0.0,0.0,0.0,2016,2016-01-01|Otros|Audiovisual minorista,0.004712324120679108,0.45674786929382205
2016-01-01,Vodafone,311016,74592,España,,Infraestructura,Nº de accesos  por tipo de acceso,,,,,,,,,FTTH,,,,,,,,,,,,,,,,,Instalados,,0.0,4662.94,0.0,4048945.0,0.0,0.0,44571695.0,0.0,0.0,66160.89,0.0,2807.94,0.0,0.0,0.0,0.0,0.0,0.0,0.0,0.0,0.0,2016,2016-01-01|Vodafone|Infraestructura,,
2016-01-01,Otros,8014,2016,España,,Infraestructura,Km de fibra oscura,,,,,,,,,,,,,,,,,,,,,,,,,,Pares de fibra,,0.0,0.0,0.0,0.0,0.0,0.0,0.0,0.0,0.0,0.0,0.0,0.0,0.0,0.0,0.0,0.0,0.0,65919.0,0.0,0.0,0.0,2016,2016-01-01|Otros|Infraestructura,,
2016-01-01,Otros,101653,24192,España,Servicio mayorista,Interconexión móvil,Ingresos,,,,,,,,,,,,,,,,,,,,,,,,,,,,0.0,664.1,0.0,0.0,0.0,0.0,6169950.0,0.0,0.0,9722.9,0.0,432.9,0.0,0.0,0.0,0.0,0.0,0.0,0.0,0.0,0.0,2016,2016-01-01|Otros|Interconexión móvil,1.0,1.0
2016-01-01,Nan,3224087,780192,España,,Infraestructura,Nº de accesos  por tipo de acceso,,,,,,,,,FTTH,,,,,,,,,,,,,,,,,En servicio,,31794.6,8600.16,16294002.0,0.0,214353992.0,460.7000000000001,21589293.0,7418147.0,255395.61,0.0,9063.07,0.0,13493600.18,13493600.18,197251.0,3862519.0,6619413.0,0.0,22051.0,17667.0,147646.0,2016,2016-01-01|Nan|Infraestructura,,
2017-01-01,Otros,8913,2017,España,Servicio minorista,Audiovisual minorista,Ingresos,Ingresos publicitarios,,,,,,,,,,,,,,,,Televisión,,,,,,,,,,,0.0,11.77,0.0,0.0,0.0,0.0,0.0,0.0,0.0,0.0,0.0,0.0,0.0,0.0,0.0,0.0,0.0,0.0,0.0,0.0,0.0,2017,2017-01-01|Otros|Audiovisual minorista,0.007111223891778893,0.4580204222202329
2017-01-01,Otros,9138,2017,España,Servicio minorista,Comunicaciones de Empresa,Ingresos,,,,,,,,,,,,,Transmisión de datos,,,,,,,,,,,,,,,0.0,21.32,0.0,0.0,0.0,0.0,0.0,0.0,0.0,0.0,0.0,0.0,0.0,0.0,0.0,0.0,0.0,0.0,0.0,0.0,0.0,2017,2017-01-01|Otros|Comunicaciones de Empresa,0.684430176565008,0.5680289800556001
2017-01-01,Otros,8855,2017,España,Servicio mayorista,Transmisión de datos mayoristas,Ingresos,,,,,,,,,,,,,,,,,,,,,,,,,,,,0.0,4.97,0.0,0.0,0.0,0.0,0.0,0.0,0.0,0.0,0.0,0.0,0.0,0.0,0.0,0.0,0.0,0.0,0.0,0.0,0.0,2017,2017-01-01|Otros|Transmisión de datos mayoristas,0.06678312281644719,0.7407871793414356
2017-01-01,Otros,8914,2017,España,Servicio minorista,Audiovisual minorista,Ingresos,Ingresos publicitarios,,,,,,,,,,,,,,,,Televisión,,,,,,,,,,,0.0,800.2,0.0,0.0,0.0,0.0,0.0,0.0,0.0,0.0,0.0,0.0,0.0,0.0,0.0,0.0,0.0,0.0,0.0,0.0,0.0,2017,2017-01-01|Otros|Audiovisual minorista,0.4834665554971513,0.4580204222202329
2017-01-01,Otros,35508,8068,España,Servicio mayorista,Transporte y difusión mayorista,Clientes,,,,,,,,,,,,,,,,,,,,Difusión,,,,,,,,0.0,21.3,0.0,190.0,0.0,0.0,0.0,0.0,0.0,0.0,0.0,0.0,0.0,0.0,0.0,0.0,0.0,0.0,0.0,0.0,0.0,2017,2017-01-01|Otros|Transporte y difusión mayorista,0.1801725596345796,0.3930151559300893
2017-01-01,Otros,8675,2017,España,,Infraestructura,Km de fibra oscura,,,,,,,,,,,,,,,,,,,,,,,,,,Pares de fibra,,0.0,0.0,0.0,0.0,0.0,0.0,0.0,0.0,0.0,0.0,0.0,0.0,0.0,0.0,0.0,0.0,0.0,7032.0,0.0,0.0,0.0,2017,2017-01-01|Otros|Infraestructura,,
2017-01-01,Otros,8760,2017,España,Servicio mayorista,Circuitos alquilados mayoristas,Ingresos,,,,,,,,,,,,,,,,,,,,,,,,,,,,0.0,14.5,0.0,0.0,0.0,0.0,0.0,0.0,0.0,0.0,0.0,0.0,0.0,0.0,0.0,0.0,0.0,0.0,0.0,0.0,0.0,2017,2017-01-01|Otros|Circuitos alquilados mayoristas,0.03161589952685171,0.39928617854066234
2017-01-01,Otros,44277,10085,España,Servicio mayorista,Circuitos alquilados mayoristas,Ingresos,,,,,,,,,,,,,,,,,,,,,,,,,,,,0.0,242.72,0.0,481.0,0.0,0.0,0.0,0.0,0.0,0.0,0.0,0.0,0.0,0.0,0.0,0.0,0.0,0.0,0.0,0.0,0.0,2017,2017-01-01|Otros|Circuitos alquilados mayoristas,0.5292283540108584,0.39928617854066234
2017-01-01,Otros,8856,2017,España,Servicio mayorista,Transmisión de datos mayoristas,Ingresos,,,,,,,,,,,,,,,,,,,,,,,,,,,,0.0,5.86,0.0,0.0,0.0,0.0,0.0,0.0,0.0,0.0,0.0,0.0,0.0,0.0,0.0,0.0,0.0,0.0,0.0,0.0,0.0,2017,2017-01-01|Otros|Transmisión de datos mayoristas,0.07874227358237033,0.7407871793414356
2017-01-01,Otros,27041,6051,España,Servicio mayorista,Circuitos alquilados mayoristas,Ingresos,,,,,,,,,,,,,,,,,,,,,,,,,,,,0.0,52.85,0.0,0.0,0.0,0.0,0.0,0.0,0.0,0.0,0.0,0.0,0.0,0.0,0.0,0.0,0.0,0.0,0.0,0.0,0.0,2017,2017-01-01|Otros|Circuitos alquilados mayoristas,0.11523450275821469,0.39928617854066234
2017-01-01,Otros,8676,2017,España,,Infraestructura,Km de fibra oscura,,,,,,,,,,,,,,,,,,,,,,,,,,Pares de fibra,,0.0,0.0,0.0,0.0,0.0,0.0,0.0,0.0,0.0,0.0,0.0,0.0,0.0,0.0,0.0,0.0,0.0,4594.0,0.0,0.0,0.0,2017,2017-01-01|Otros|Infraestructura,,
2017-01-01,Otros,73956,16136,España,Servicio minorista,Banda Ancha móvil,Ingresos,,,,,,,,,,,,,,,,,,,,,,,,,,,,0.0,78.30000000000001,0.0,0.0,0.0,0.0,1811438.0,0.0,0.0,2084.84,0.0,38.55,0.0,0.0,0.0,0.0,0.0,0.0,0.0,0.0,0.0,2017,2017-01-01|Otros|Banda Ancha móvil,0.1489216021910305,0.7465120828162264
2017-01-01,Otros,163132,36306,España,Servicio minorista,Banda ancha fija minorista,Ingresos,,,,,,,,,,,,,,,,,,,,,,,,,,,,0.0,295.57,0.0,535512.0,0.0,0.0,1162276.0,0.0,0.0,1058.3,0.0,0.0,0.0,0.0,0.0,0.0,0.0,0.0,0.0,0.0,0.0,2017,2017-01-01|Otros|Banda ancha fija minorista,0.8648213710975218,0.7661892656189514
2017-01-01,Otros,9142,2017,España,Servicio minorista,Comunicaciones de Empresa,Ingresos,,,,,,,,,,,,,Alquiler de circuitos,,,,,,,,,,,,,,,0.0,9.83,0.0,0.0,0.0,0.0,0.0,0.0,0.0,0.0,0.0,0.0,0.0,0.0,0.0,0.0,0.0,0.0,0.0,0.0,0.0,2017,2017-01-01|Otros|Comunicaciones de Empresa,0.315569823434992,0.5680289800556001
2017-01-01,Otros,263605,58493,España,,Infraestructura,Nº de accesos  por tipo de acceso,,,,,,,,,FTTH,,,,,,,,,,,,,,,,,Instalados,,0.0,1026.17,0.0,460257.0,0.0,0.0,11694423.0,0.0,0.0,13699.58,0.0,488.09,0.0,0.0,0.0,0.0,0.0,0.0,0.0,0.0,0.0,2017,2017-01-01|Otros|Infraestructura,,
2017-01-01,Otros,8677,2017,España,,Infraestructura,Km de fibra oscura,,,,,,,,,,,,,,,,,,,,,,,,,,Pares de fibra,,0.0,0.0,0.0,0.0,0.0,0.0,0.0,0.0,0.0,0.0,0.0,0.0,0.0,0.0,0.0,0.0,0.0,412894.0,0.0,0.0,0.0,2017,2017-01-01|Otros|Infraestructura,,
2017-01-01,Otros,35524,8068,España,Servicio mayorista,Transporte y difusión mayorista,Clientes,,,,,,,,,,,,,,,,,,,,Difusión,,,,,,,,0.0,8.309999999999999,0.0,18.0,0.0,0.0,0.0,0.0,0.0,0.0,0.0,0.0,0.0,0.0,0.0,0.0,0.0,0.0,0.0,0.0,0.0,2017,2017-01-01|Otros|Transporte y difusión mayorista,0.07029267467433598,0.3930151559300893
2017-01-01,Otros,8678,2017,España,,Infraestructura,Km de fibra oscura,,,,,,,,,,,,,,,,,,,,,,,,,,Pares de fibra,,0.0,0.0,0.0,0.0,0.0,0.0,0.0,0.0,0.0,0.0,0.0,0.0,0.0,0.0,0.0,0.0,0.0,328035.0,0.0,0.0,0.0,2017,2017-01-01|Otros|Infraestructura,,
2017-01-01,Mediaset España,8915,2017,España,Servicio minorista,Audiovisual minorista,Ingresos,Ingresos publicitarios,,,,,,,,,,,,,,,,Televisión,,,,,,,,,,,0.0,782.14,0.0,0.0,0.0,0.0,0.0,0.0,0.0,0.0,0.0,0.0,0.0,0.0,0.0,0.0,0.0,0.0,0.0,0.0,0.0,2017,2017-01-01|Mediaset España|Audiovisual minorista,0.47255502588920506,0.4580204222202329
2017-01-01,Movistar,422630,94799,España,,Infraestructura,Nº de accesos  por tipo de acceso,,,,,,,,,FTTH,,,,,,,,,,,,,,,,,Instalados,,0.0,8974.960000000001,0.0,6815163.0,0.0,0.0,83079993.0,0.0,0.0,97563.26,0.0,4184.91,0.0,0.0,0.0,0.0,0.0,0.0,0.0,0.0,0.0,2017,2017-01-01|Movistar|Infraestructura,,
2017-01-01,Otros,101809,22187,España,Servicio minorista,Banda Ancha móvil,Ingresos,,,,,,,,,,,,,,,,,,,,,,,,,,,,0.0,447.48,0.0,0.0,0.0,0.0,6484734.0,0.0,0.0,6937.709999999999,0.0,93.71,0.0,0.0,0.0,0.0,0.0,0.0,0.0,0.0,0.0,2017,2017-01-01|Otros|Banda Ancha móvil,0.8510783978089697,0.7465120828162264
2017-01-01,Orange,300626,66561,España,,Infraestructura,Nº de accesos  por tipo de acceso,,,,,,,,,FTTH,,,,,,,,,,,,,,,,,Instalados,,0.0,4575.56,0.0,4126010.0,0.0,0.0,47550293.0,0.0,0.0,64158.31,0.0,2162.92,0.0,0.0,0.0,0.0,0.0,0.0,0.0,0.0,0.0,2017,2017-01-01|Orange|Infraestructura,,
2017-01-01,Otros,17779,4034,España,Servicio mayorista,Transporte y difusión mayorista,Clientes,,,,,,,,,,,,,,,,,,,,Transporte,,,,,,,,0.0,68.31,0.0,265.0,0.0,0.0,0.0,0.0,0.0,0.0,0.0,0.0,0.0,0.0,0.0,0.0,0.0,0.0,0.0,0.0,0.0,2017,2017-01-01|Otros|Transporte y difusión mayorista,0.5778210116731518,0.3930151559300893
2017-01-01,Otros,8679,2017,España,,Infraestructura,Km de fibra oscura,,,,,,,,,,,,,,,,,,,,,,,,,,Pares de fibra,,0.0,0.0,0.0,0.0,0.0,0.0,0.0,0.0,0.0,0.0,0.0,0.0,0.0,0.0,0.0,0.0,0.0,873488.0,0.0,0.0,0.0,2017,2017-01-01|Otros|Infraestructura,,
2017-01-01,Otros,437716,98833,España,,Infraestructura,Km de fibra oscura,,,,,,,,,,,,,,,,,,,,,,,,,,Pares de fibra,,0.0,929.03,0.0,293485.0,0.0,0.0,5276137.0,0.0,0.0,8840.81,0.0,145.93,0.0,0.0,0.0,0.0,0.0,29935.34,0.0,0.0,0.0,2017,2017-01-01|Otros|Infraestructura,,
2017-01-01,Otros,35572,8068,España,Servicio mayorista,Transporte y difusión mayorista,Clientes,,,,,,,,,,,,,,,,,,,,Difusión,,,,,,,,0.0,3.16,0.0,10.0,0.0,0.0,0.0,0.0,0.0,0.0,0.0,0.0,0.0,0.0,0.0,0.0,0.0,0.0,0.0,0.0,0.0,2017,2017-01-01|Otros|Transporte y difusión mayorista,0.0267298257486043,0.3930151559300893
2017-01-01,Otros,72595,16136,España,Servicio minorista,Banda ancha fija minorista,Ingresos,,,,,,,,,,,,,,,,,,,,,,,,,,,,0.0,46.2,0.0,0.0,0.0,0.0,119774.0,0.0,0.0,0.0,0.0,0.0,0.0,0.0,0.0,0.0,0.0,0.0,0.0,0.0,0.0,2017,2017-01-01|Otros|Banda ancha fija minorista,0.13517862890247828,0.7661892656189514
2017-01-01,Otros,17581,4034,España,Servicio mayorista,Interconexión fija,Ingresos,,,,,,,,,,,,,,,,,,,,,,,,,,,,0.0,28.69,0.0,0.0,0.0,0.0,0.0,0.0,0.0,579.95,0.0,0.0,0.0,0.0,0.0,0.0,0.0,0.0,0.0,0.0,0.0,2017,2017-01-01|Otros|Interconexión fija,1.0,1.0
2017-01-01,Otros,8864,2017,España,Servicio mayorista,Transmisión de datos mayoristas,Ingresos,,,,,,,,,,,,,,,,,,,,,,,,,,,,0.0,63.59,0.0,0.0,0.0,0.0,0.0,0.0,0.0,0.0,0.0,0.0,0.0,0.0,0.0,0.0,0.0,0.0,0.0,0.0,0.0,2017,2017-01-01|Otros|Transmisión de datos mayoristas,0.8544746036011825,0.7407871793414356
2017-01-01,Otros,17789,4034,España,Servicio mayorista,Transporte y difusión mayorista,Clientes,,,,,,,,,,,,,,,,,,,,Transporte,,,,,,,,0.0,17.14,0.0,22.0,0.0,0.0,0.0,0.0,0.0,0.0,0.0,0.0,0.0,0.0,0.0,0.0,0.0,0.0,0.0,0.0,0.0,2017,2017-01-01|Otros|Transporte y difusión mayorista,0.14498392826932838,0.3930151559300893
2017-01-01,Otros,8955,2017,España,Servicio minorista,Audiovisual minorista,Ingresos,Ingresos publicitarios,,,,,,,,,,,,,,,,Televisión,,,,,,,,,,,0.0,48.72,0.0,0.0,0.0,0.0,0.0,0.0,0.0,0.0,0.0,0.0,0.0,0.0,0.0,0.0,0.0,0.0,0.0,0.0,0.0,2017,2017-01-01|Otros|Audiovisual minorista,0.02943575429120371,0.4580204222202329
2017-01-01,Otros,17636,4034,España,Servicio mayorista,Circuitos alquilados mayoristas,Ingresos,,,,,,,,,,,,,,,,,,,,,,,,,,,,0.0,148.56,0.0,0.0,0.0,0.0,0.0,0.0,0.0,0.0,0.0,0.0,0.0,0.0,0.0,0.0,0.0,0.0,0.0,0.0,0.0,2017,2017-01-01|Otros|Circuitos alquilados mayoristas,0.3239212437040752,0.39928617854066234
2017-01-01,Otros,8956,2017,España,Servicio minorista,Audiovisual minorista,Ingresos,Ingresos publicitarios,,,,,,,,,,,,,,,,Televisión,,,,,,,,,,,0.0,12.3,0.0,0.0,0.0,0.0,0.0,0.0,0.0,0.0,0.0,0.0,0.0,0.0,0.0,0.0,0.0,0.0,0.0,0.0,0.0,2017,2017-01-01|Otros|Audiovisual minorista,0.007431440430661036,0.4580204222202329
2017-01-01,Vodafone,336031,74629,España,,Infraestructura,Nº de accesos  por tipo de acceso,,,,,,,,,FTTH,,,,,,,,,,,,,,,,,Instalados,,0.0,4437.18,0.0,4259937.0,0.0,0.0,45295432.0,0.0,0.0,56398.96,0.0,2476.51,0.0,0.0,0.0,0.0,0.0,0.0,0.0,0.0,0.0,2017,2017-01-01|Vodafone|Infraestructura,,
2017-01-01,Otros,8681,2017,España,,Infraestructura,Km de fibra oscura,,,,,,,,,,,,,,,,,,,,,,,,,,Pares de fibra,,0.0,0.0,0.0,0.0,0.0,0.0,0.0,0.0,0.0,0.0,0.0,0.0,0.0,0.0,0.0,0.0,0.0,73877.0,0.0,0.0,0.0,2017,2017-01-01|Otros|Infraestructura,,
2017-01-01,Nan,3483915,780579,España,,Infraestructura,Nº de accesos  por tipo de acceso,,,,,,,,,FTTH,,,,,,,,,,,,,,,,,En servicio,,32193.85,9017.12,16491350.0,0.0,225201213.0,483.5,22726713.0,8642007.0,251321.78,0.0,9590.62,0.0,18173726.03,18173726.03,191210.0,5043205.0,5079825.0,0.0,20792.0,15634.0,146104.0,2017,2017-01-01|Nan|Infraestructura,,
2018-01-01,Otros,9584,2018,España,Servicio minorista,Audiovisual minorista,Ingresos,Ingresos publicitarios,,,,,,,,,,,,,,,,Televisión,,,,,,,,,,,0.0,12.12,0.0,0.0,0.0,0.0,0.0,0.0,0.0,0.0,0.0,0.0,0.0,0.0,0.0,0.0,0.0,0.0,0.0,0.0,0.0,2018,2018-01-01|Otros|Audiovisual minorista,0.007465122724892981,0.4579243941951645
2018-01-01,Otros,9803,2018,España,Servicio minorista,Comunicaciones de Empresa,Ingresos,,,,,,,,,,,,,Transmisión de datos,,,,,,,,,,,,,,,0.0,24.55,0.0,0.0,0.0,0.0,0.0,0.0,0.0,0.0,0.0,0.0,0.0,0.0,0.0,0.0,0.0,0.0,0.0,0.0,0.0,2018,2018-01-01|Otros|Comunicaciones de Empresa,0.6574718800214248,0.5495947859949639
2018-01-01,Otros,9525,2018,España,Servicio mayorista,Transmisión de datos mayoristas,Ingresos,,,,,,,,,,,,,,,,,,,,,,,,,,,,0.0,6.66,0.0,0.0,0.0,0.0,0.0,0.0,0.0,0.0,0.0,0.0,0.0,0.0,0.0,0.0,0.0,0.0,0.0,0.0,0.0,2018,2018-01-01|Otros|Transmisión de datos mayoristas,0.08280492353599404,0.7223897678289526
2018-01-01,Otros,9585,2018,España,Servicio minorista,Audiovisual minorista,Ingresos,Ingresos publicitarios,,,,,,,,,,,,,,,,Televisión,,,,,,,,,,,0.0,774.79,0.0,0.0,0.0,0.0,0.0,0.0,0.0,0.0,0.0,0.0,0.0,0.0,0.0,0.0,0.0,0.0,0.0,0.0,0.0,2018,2018-01-01|Otros|Audiovisual minorista,0.47721967293893014,0.4579243941951645
2018-01-01,Otros,38188,8072,España,Servicio mayorista,Transporte y difusión mayorista,Clientes,,,,,,,,,,,,,,,,,,,,Difusión,,,,,,,,0.0,18.98,0.0,140.0,0.0,0.0,0.0,0.0,0.0,0.0,0.0,0.0,0.0,0.0,0.0,0.0,0.0,0.0,0.0,0.0,0.0,2018,2018-01-01|Otros|Transporte y difusión mayorista,0.1691923694063113,0.4053935266466314
2018-01-01,Otros,9347,2018,España,,Infraestructura,Km de fibra oscura,,,,,,,,,,,,,,,,,,,,,,,,,,Pares de fibra,,0.0,0.0,0.0,0.0,0.0,0.0,0.0,0.0,0.0,0.0,0.0,0.0,0.0,0.0,0.0,0.0,0.0,8952.0,0.0,0.0,0.0,2018,2018-01-01|Otros|Infraestructura,,
2018-01-01,Otros,9430,2018,España,Servicio mayorista,Circuitos alquilados mayoristas,Ingresos,,,,,,,,,,,,,,,,,,,,,,,,,,,,0.0,13.77,0.0,0.0,0.0,0.0,0.0,0.0,0.0,0.0,0.0,0.0,0.0,0.0,0.0,0.0,0.0,0.0,0.0,0.0,0.0,2018,2018-01-01|Otros|Circuitos alquilados mayoristas,0.03058572666089158,0.4107636595243087
2018-01-01,Otros,47627,10090,España,Servicio mayorista,Circuitos alquilados mayoristas,Ingresos,,,,,,,,,,,,,,,,,,,,,,,,,,,,0.0,247.21,0.0,488.0,0.0,0.0,0.0,0.0,0.0,0.0,0.0,0.0,0.0,0.0,0.0,0.0,0.0,0.0,0.0,0.0,0.0,2018,2018-01-01|Otros|Circuitos alquilados mayoristas,0.5490993092112569,0.4107636595243087
2018-01-01,Otros,9526,2018,España,Servicio mayorista,Transmisión de datos mayoristas,Ingresos,,,,,,,,,,,,,,,,,,,,,,,,,,,,0.0,6.0,0.0,0.0,0.0,0.0,0.0,0.0,0.0,0.0,0.0,0.0,0.0,0.0,0.0,0.0,0.0,0.0,0.0,0.0,0.0,2018,2018-01-01|Otros|Transmisión de datos mayoristas,0.07459903021260725,0.7223897678289526
2018-01-01,Otros,29041,6054,España,Servicio mayorista,Circuitos alquilados mayoristas,Ingresos,,,,,,,,,,,,,,,,,,,,,,,,,,,,0.0,49.61,0.0,0.0,0.0,0.0,0.0,0.0,0.0,0.0,0.0,0.0,0.0,0.0,0.0,0.0,0.0,0.0,0.0,0.0,0.0,2018,2018-01-01|Otros|Circuitos alquilados mayoristas,0.11019302103462827,0.4107636595243087
2018-01-01,Otros,9348,2018,España,,Infraestructura,Km de fibra oscura,,,,,,,,,,,,,,,,,,,,,,,,,,Pares de fibra,,0.0,0.0,0.0,0.0,0.0,0.0,0.0,0.0,0.0,0.0,0.0,0.0,0.0,0.0,0.0,0.0,0.0,4789.0,0.0,0.0,0.0,2018,2018-01-01|Otros|Infraestructura,,
2018-01-01,Otros,138037,28252,España,Servicio minorista,Banda ancha fija minorista,Ingresos,,,,,,,,,,,,,,,,,,,,,,,,,,,,0.0,111.89,0.0,2968.0,0.0,0.0,2738182.0,0.0,0.0,3268.9,0.0,72.89,0.0,0.0,0.0,0.0,0.0,0.0,0.0,0.0,0.0,2018,2018-01-01|Otros|Banda ancha fija minorista,0.23615947993836933,0.6392236400527835
2018-01-01,Otros,175193,36324,España,Servicio minorista,Banda ancha fija minorista,Ingresos,,,,,,,,,,,,,,,,,,,,,,,,,,,,0.0,361.9,0.0,624898.0,0.0,0.0,1394250.0,0.0,0.0,1074.87,0.0,0.0,0.0,0.0,0.0,0.0,0.0,0.0,0.0,0.0,0.0,2018,2018-01-01|Otros|Banda ancha fija minorista,0.7638405200616307,0.6392236400527835
2018-01-01,Otros,9807,2018,España,Servicio minorista,Comunicaciones de Empresa,Ingresos,,,,,,,,,,,,,Alquiler de circuitos,,,,,,,,,,,,,,,0.0,12.79,0.0,0.0,0.0,0.0,0.0,0.0,0.0,0.0,0.0,0.0,0.0,0.0,0.0,0.0,0.0,0.0,0.0,0.0,0.0,2018,2018-01-01|Otros|Comunicaciones de Empresa,0.3425281199785752,0.5495947859949639
2018-01-01,Otros,282997,58522,España,,Infraestructura,Nº de accesos  por tipo de acceso,,,,,,,,,FTTH,,,,,,,,,,,,,,,,,Instalados,,0.0,1271.53,0.0,894370.0,0.0,0.0,19527371.0,0.0,0.0,18131.18,0.0,649.04,0.0,0.0,0.0,0.0,0.0,0.0,0.0,0.0,0.0,2018,2018-01-01|Otros|Infraestructura,,
2018-01-01,Otros,9349,2018,España,,Infraestructura,Km de fibra oscura,,,,,,,,,,,,,,,,,,,,,,,,,,Pares de fibra,,0.0,0.0,0.0,0.0,0.0,0.0,0.0,0.0,0.0,0.0,0.0,0.0,0.0,0.0,0.0,0.0,0.0,424937.0,0.0,0.0,0.0,2018,2018-01-01|Otros|Infraestructura,,
2018-01-01,Otros,38204,8072,España,Servicio mayorista,Transporte y difusión mayorista,Clientes,,,,,,,,,,,,,,,,,,,,Difusión,,,,,,,,0.0,8.28,0.0,18.0,0.0,0.0,0.0,0.0,0.0,0.0,0.0,0.0,0.0,0.0,0.0,0.0,0.0,0.0,0.0,0.0,0.0,2018,2018-01-01|Otros|Transporte y difusión mayorista,0.0738099482973792,0.4053935266466314
2018-01-01,Otros,9350,2018,España,,Infraestructura,Km de fibra oscura,,,,,,,,,,,,,,,,,,,,,,,,,,Pares de fibra,,0.0,0.0,0.0,0.0,0.0,0.0,0.0,0.0,0.0,0.0,0.0,0.0,0.0,0.0,0.0,0.0,0.0,372413.0,0.0,0.0,0.0,2018,2018-01-01|Otros|Infraestructura,,
2018-01-01,Mediaset España,9586,2018,España,Servicio minorista,Audiovisual minorista,Ingresos,Ingresos publicitarios,,,,,,,,,,,,,,,,Televisión,,,,,,,,,,,0.0,777.33,0.0,0.0,0.0,0.0,0.0,0.0,0.0,0.0,0.0,0.0,0.0,0.0,0.0,0.0,0.0,0.0,0.0,0.0,0.0,2018,2018-01-01|Mediaset España|Audiovisual minorista,0.47878414585322293,0.4579243941951645
2018-01-01,Movistar,463499,96864,España,,Infraestructura,Nº de accesos  por tipo de acceso,,,,,,,,,FTTH,,,,,,,,,,,,,,,,,Instalados,,0.0,8855.58,0.0,6610051.0,0.0,0.0,85910514.0,0.0,0.0,92684.82,0.0,4477.79,0.0,0.0,0.0,0.0,0.0,0.0,0.0,0.0,0.0,2018,2018-01-01|Movistar|Infraestructura,,
2018-01-01,Otros,99188,20180,España,Servicio minorista,Banda Ancha móvil,Ingresos,,,,,,,,,,,,,,,,,,,,,,,,,,,,0.0,439.33,0.0,0.0,0.0,0.0,5907956.0,0.0,0.0,7482.679999999999,0.0,114.65,0.0,0.0,0.0,0.0,0.0,0.0,0.0,0.0,0.0,2018,2018-01-01|Otros|Banda Ancha móvil,1.0,1.0
2018-01-01,Orange,322695,66594,España,,Infraestructura,Nº de accesos  por tipo de acceso,,,,,,,,,FTTH,,,,,,,,,,,,,,,,,Instalados,,0.0,4581.05,0.0,4044834.0,0.0,0.0,49601513.0,0.0,0.0,73507.89,0.0,3019.62,0.0,0.0,0.0,0.0,0.0,0.0,0.0,0.0,0.0,2018,2018-01-01|Orange|Infraestructura,,
2018-01-01,Otros,19120,4036,España,Servicio mayorista,Transporte y difusión mayorista,Clientes,,,,,,,,,,,,,,,,,,,,Transporte,,,,,,,,0.0,66.52,0.0,279.0,0.0,0.0,0.0,0.0,0.0,0.0,0.0,0.0,0.0,0.0,0.0,0.0,0.0,0.0,0.0,0.0,0.0,2018,2018-01-01|Otros|Transporte y difusión mayorista,0.5929755749688002,0.4053935266466314
2018-01-01,Otros,9351,2018,España,,Infraestructura,Km de fibra oscura,,,,,,,,,,,,,,,,,,,,,,,,,,Pares de fibra,,0.0,0.0,0.0,0.0,0.0,0.0,0.0,0.0,0.0,0.0,0.0,0.0,0.0,0.0,0.0,0.0,0.0,940910.0,0.0,0.0,0.0,2018,2018-01-01|Otros|Infraestructura,,
2018-01-01,Otros,432601,90810,España,,Infraestructura,Km de fibra oscura,,,,,,,,,,,,,,,,,,,,,,,,,,Pares de fibra,,0.0,840.35,0.0,192311.0,0.0,0.0,5824922.0,0.0,0.0,8617.22,0.0,203.36,0.0,0.0,0.0,0.0,0.0,29672.74,0.0,0.0,0.0,2018,2018-01-01|Otros|Infraestructura,,
2018-01-01,Otros,38254,8072,España,Servicio mayorista,Transporte y difusión mayorista,Clientes,,,,,,,,,,,,,,,,,,,,Difusión,,,,,,,,0.0,2.93,0.0,9.0,0.0,0.0,0.0,0.0,0.0,0.0,0.0,0.0,0.0,0.0,0.0,0.0,0.0,0.0,0.0,0.0,0.0,2018,2018-01-01|Otros|Transporte y difusión mayorista,0.02611873774291318,0.4053935266466314
2018-01-01,Otros,18921,4036,España,Servicio mayorista,Interconexión fija,Ingresos,,,,,,,,,,,,,,,,,,,,,,,,,,,,0.0,37.45,0.0,0.0,0.0,0.0,0.0,0.0,0.0,708.84,0.0,0.0,0.0,0.0,0.0,0.0,0.0,0.0,0.0,0.0,0.0,2018,2018-01-01|Otros|Interconexión fija,1.0,1.0
2018-01-01,Otros,9534,2018,España,Servicio mayorista,Transmisión de datos mayoristas,Ingresos,,,,,,,,,,,,,,,,,,,,,,,,,,,,0.0,67.77,0.0,0.0,0.0,0.0,0.0,0.0,0.0,0.0,0.0,0.0,0.0,0.0,0.0,0.0,0.0,0.0,0.0,0.0,0.0,2018,2018-01-01|Otros|Transmisión de datos mayoristas,0.8425960462513987,0.7223897678289526
2018-01-01,Otros,19130,4036,España,Servicio mayorista,Transporte y difusión mayorista,Clientes,,,,,,,,,,,,,,,,,,,,Transporte,,,,,,,,0.0,15.47,0.0,20.0,0.0,0.0,0.0,0.0,0.0,0.0,0.0,0.0,0.0,0.0,0.0,0.0,0.0,0.0,0.0,0.0,0.0,2018,2018-01-01|Otros|Transporte y difusión mayorista,0.1379033695845962,0.4053935266466314
2018-01-01,Otros,9626,2018,España,Servicio minorista,Audiovisual minorista,Ingresos,Ingresos publicitarios,,,,,,,,,,,,,,,,Televisión,,,,,,,,,,,0.0,47.01,0.0,0.0,0.0,0.0,0.0,0.0,0.0,0.0,0.0,0.0,0.0,0.0,0.0,0.0,0.0,0.0,0.0,0.0,0.0,2018,2018-01-01|Otros|Audiovisual minorista,0.02895506759878045,0.4579243941951645
2018-01-01,Otros,18976,4036,España,Servicio mayorista,Circuitos alquilados mayoristas,Ingresos,,,,,,,,,,,,,,,,,,,,,,,,,,,,0.0,139.62,0.0,0.0,0.0,0.0,0.0,0.0,0.0,0.0,0.0,0.0,0.0,0.0,0.0,0.0,0.0,0.0,0.0,0.0,0.0,2018,2018-01-01|Otros|Circuitos alquilados mayoristas,0.31012194309322316,0.4107636595243087
2018-01-01,Otros,9627,2018,España,Servicio minorista,Audiovisual minorista,Ingresos,Ingresos publicitarios,,,,,,,,,,,,,,,,Televisión,,,,,,,,,,,0.0,12.3,0.0,0.0,0.0,0.0,0.0,0.0,0.0,0.0,0.0,0.0,0.0,0.0,0.0,0.0,0.0,0.0,0.0,0.0,0.0,2018,2018-01-01|Otros|Audiovisual minorista,0.007575990884173571,0.4579243941951645
2018-01-01,Vodafone,360718,74666,España,,Infraestructura,Nº de accesos  por tipo de acceso,,,,,,,,,FTTH,,,,,,,,,,,,,,,,,Instalados,,0.0,4232.02,0.0,4016741.0,0.0,0.0,44770091.0,0.0,0.0,54940.85,0.0,2604.3,0.0,0.0,0.0,0.0,0.0,0.0,0.0,0.0,0.0,2018,2018-01-01|Vodafone|Infraestructura,,
2018-01-01,Otros,9353,2018,España,,Infraestructura,Km de fibra oscura,,,,,,,,,,,,,,,,,,,,,,,,,,Pares de fibra,,0.0,0.0,0.0,0.0,0.0,0.0,0.0,0.0,0.0,0.0,0.0,0.0,0.0,0.0,0.0,0.0,0.0,99005.0,0.0,0.0,0.0,2018,2018-01-01|Otros|Infraestructura,,
2018-01-01,Nan,3762454,785002,España,,Infraestructura,Nº de accesos  por tipo de acceso,,,,,,,,,FTTH,,,,,,,,,,,,,,,,,En servicio,,32360.7,9325.91,16387127.0,0.0,239308676.0,513.0,23633877.0,9836846.0,260417.27,0.0,11141.65,0.0,25143454.09,25143454.09,188986.0,4658824.0,6390478.0,0.0,19225.0,14702.0,153557.0,2018,2018-01-01|Nan|Infraestructura,,
2019-01-01,Otros,10253,2019,España,Servicio minorista,Audiovisual minorista,Ingresos,Ingresos publicitarios,,,,,,,,,,,,,,,,Televisión,,,,,,,,,,,0.0,12.25,0.0,0.0,0.0,0.0,0.0,0.0,0.0,0.0,0.0,0.0,0.0,0.0,0.0,0.0,0.0,0.0,0.0,0.0,0.0,2019,2019-01-01|Otros|Audiovisual minorista,0.007877712183766126,0.4568313911993196
2019-01-01,Otros,10473,2019,España,Servicio minorista,Comunicaciones de Empresa,Ingresos,,,,,,,,,,,,,Transmisión de datos,,,,,,,,,,,,,,,0.0,30.95,0.0,0.0,0.0,0.0,0.0,0.0,0.0,0.0,0.0,0.0,0.0,0.0,0.0,0.0,0.0,0.0,0.0,0.0,0.0,2019,2019-01-01|Otros|Comunicaciones de Empresa,0.69754338517016,0.5780467780489724
2019-01-01,Otros,10195,2019,España,Servicio mayorista,Transmisión de datos mayoristas,Ingresos,,,,,,,,,,,,,,,,,,,,,,,,,,,,0.0,6.64,0.0,0.0,0.0,0.0,0.0,0.0,0.0,0.0,0.0,0.0,0.0,0.0,0.0,0.0,0.0,0.0,0.0,0.0,0.0,2019,2019-01-01|Otros|Transmisión de datos mayoristas,0.08574380165289255,0.7049867452701318
2019-01-01,Otros,10254,2019,España,Servicio minorista,Audiovisual minorista,Ingresos,Ingresos publicitarios,,,,,,,,,,,,,,,,Televisión,,,,,,,,,,,0.0,751.04,0.0,0.0,0.0,0.0,0.0,0.0,0.0,0.0,0.0,0.0,0.0,0.0,0.0,0.0,0.0,0.0,0.0,0.0,0.0,2019,2019-01-01|Otros|Audiovisual minorista,0.482977710897609,0.4568313911993196
2019-01-01,Otros,40868,8076,España,Servicio mayorista,Transporte y difusión mayorista,Clientes,,,,,,,,,,,,,,,,,,,,Difusión,,,,,,,,0.0,18.51,0.0,138.0,0.0,0.0,0.0,0.0,0.0,0.0,0.0,0.0,0.0,0.0,0.0,0.0,0.0,0.0,0.0,0.0,0.0,2019,2019-01-01|Otros|Transporte y difusión mayorista,0.1682727272727273,0.41015449586776864
2019-01-01,Otros,10015,2019,España,,Infraestructura,Km de fibra oscura,,,,,,,,,,,,,,,,,,,,,,,,,,Pares de fibra,,0.0,0.0,0.0,0.0,0.0,0.0,0.0,0.0,0.0,0.0,0.0,0.0,0.0,0.0,0.0,0.0,0.0,8952.0,0.0,0.0,0.0,2019,2019-01-01|Otros|Infraestructura,,
2019-01-01,Otros,10099,2019,España,Servicio mayorista,Circuitos alquilados mayoristas,Ingresos,,,,,,,,,,,,,,,,,,,,,,,,,,,,0.0,14.06,0.0,0.0,0.0,0.0,0.0,0.0,0.0,0.0,0.0,0.0,0.0,0.0,0.0,0.0,0.0,0.0,0.0,0.0,0.0,2019,2019-01-01|Otros|Circuitos alquilados mayoristas,0.03018981362191875,0.40062497321747
2019-01-01,Otros,50976,10095,España,Servicio mayorista,Circuitos alquilados mayoristas,Ingresos,,,,,,,,,,,,,,,,,,,,,,,,,,,,0.0,253.18,0.0,485.0,0.0,0.0,0.0,0.0,0.0,0.0,0.0,0.0,0.0,0.0,0.0,0.0,0.0,0.0,0.0,0.0,0.0,2019,2019-01-01|Otros|Circuitos alquilados mayoristas,0.5436313664863007,0.40062497321747
2019-01-01,Otros,10196,2019,España,Servicio mayorista,Transmisión de datos mayoristas,Ingresos,,,,,,,,,,,,,,,,,,,,,,,,,,,,0.0,6.44,0.0,0.0,0.0,0.0,0.0,0.0,0.0,0.0,0.0,0.0,0.0,0.0,0.0,0.0,0.0,0.0,0.0,0.0,0.0,2019,2019-01-01|Otros|Transmisión de datos mayoristas,0.08316115702479339,0.7049867452701318
2019-01-01,Otros,31050,6057,España,Servicio mayorista,Circuitos alquilados mayoristas,Ingresos,,,,,,,,,,,,,,,,,,,,,,,,,,,,0.0,61.17,0.0,0.0,0.0,0.0,0.0,0.0,0.0,0.0,0.0,0.0,0.0,0.0,0.0,0.0,0.0,0.0,0.0,0.0,0.0,2019,2019-01-01|Otros|Circuitos alquilados mayoristas,0.13134501417160524,0.40062497321747
2019-01-01,Otros,10016,2019,España,,Infraestructura,Km de fibra oscura,,,,,,,,,,,,,,,,,,,,,,,,,,Pares de fibra,,0.0,0.0,0.0,0.0,0.0,0.0,0.0,0.0,0.0,0.0,0.0,0.0,0.0,0.0,0.0,0.0,0.0,34257.0,0.0,0.0,0.0,2019,2019-01-01|Otros|Infraestructura,,
2019-01-01,Otros,147412,28266,España,Servicio minorista,Banda ancha fija minorista,Ingresos,,,,,,,,,,,,,,,,,,,,,,,,,,,,0.0,172.72,0.0,30774.0,0.0,0.0,3971482.0,0.0,0.0,4507.780000000001,0.0,94.57,0.0,0.0,0.0,0.0,0.0,0.0,0.0,0.0,0.0,2019,2019-01-01|Otros|Banda ancha fija minorista,0.32556123122160857,0.5608577681058423
2019-01-01,Otros,176911,34323,España,Servicio minorista,Banda ancha fija minorista,Ingresos,,,,,,,,,,,,,,,,,,,,,,,,,,,,0.0,357.81,0.0,619349.0,0.0,0.0,1398279.0,0.0,0.0,918.29,0.0,0.0,0.0,0.0,0.0,0.0,0.0,0.0,0.0,0.0,0.0,2019,2019-01-01|Otros|Banda ancha fija minorista,0.6744387687783915,0.5608577681058423
2019-01-01,Otros,10477,2019,España,Servicio minorista,Comunicaciones de Empresa,Ingresos,,,,,,,,,,,,,Alquiler de circuitos,,,,,,,,,,,,,,,0.0,13.42,0.0,0.0,0.0,0.0,0.0,0.0,0.0,0.0,0.0,0.0,0.0,0.0,0.0,0.0,0.0,0.0,0.0,0.0,0.0,2019,2019-01-01|Otros|Comunicaciones de Empresa,0.30245661482984,0.5780467780489724
2019-01-01,Otros,291784,56532,España,,Infraestructura,Nº de accesos  por tipo de acceso,,,,,,,,,FTTH,,,,,,,,,,,,,,,,,Instalados,,0.0,1560.85,0.0,1269116.0,0.0,0.0,24072147.0,0.0,0.0,21738.62,0.0,802.5500000000001,0.0,0.0,0.0,0.0,0.0,0.0,0.0,0.0,0.0,2019,2019-01-01|Otros|Infraestructura,,
2019-01-01,Otros,40884,8076,España,Servicio mayorista,Transporte y difusión mayorista,Clientes,,,,,,,,,,,,,,,,,,,,Difusión,,,,,,,,0.0,8.28,0.0,21.0,0.0,0.0,0.0,0.0,0.0,0.0,0.0,0.0,0.0,0.0,0.0,0.0,0.0,0.0,0.0,0.0,0.0,2019,2019-01-01|Otros|Transporte y difusión mayorista,0.07527272727272727,0.41015449586776864
2019-01-01,Otros,10017,2019,España,,Infraestructura,Km de fibra oscura,,,,,,,,,,,,,,,,,,,,,,,,,,Pares de fibra,,0.0,0.0,0.0,0.0,0.0,0.0,0.0,0.0,0.0,0.0,0.0,0.0,0.0,0.0,0.0,0.0,0.0,681697.0,0.0,0.0,0.0,2019,2019-01-01|Otros|Infraestructura,,
2019-01-01,Mediaset España,10255,2019,España,Servicio minorista,Audiovisual minorista,Ingresos,Ingresos publicitarios,,,,,,,,,,,,,,,,Televisión,,,,,,,,,,,0.0,733.67,0.0,0.0,0.0,0.0,0.0,0.0,0.0,0.0,0.0,0.0,0.0,0.0,0.0,0.0,0.0,0.0,0.0,0.0,0.0,2019,2019-01-01|Mediaset España|Audiovisual minorista,0.47180743656030144,0.4568313911993196
2019-01-01,Movistar,474919,92874,España,,Infraestructura,Nº de accesos  por tipo de acceso,,,,,,,,,FTTH,,,,,,,,,,,,,,,,,Instalados,,0.0,8612.5,0.0,5973829.0,0.0,0.0,87859482.0,0.0,0.0,93759.94,0.0,4996.26,0.0,0.0,0.0,0.0,0.0,0.0,0.0,0.0,0.0,2019,2019-01-01|Movistar|Infraestructura,,
2019-01-01,Otros,105882,20190,España,Servicio minorista,Banda Ancha móvil,Ingresos,,,,,,,,,,,,,,,,,,,,,,,,,,,,0.0,421.79,0.0,0.0,0.0,0.0,6029216.0,0.0,0.0,7665.64,0.0,80.12,0.0,0.0,0.0,0.0,0.0,0.0,0.0,0.0,0.0,2019,2019-01-01|Otros|Banda Ancha móvil,1.0,1.0
2019-01-01,Orange,344782,66627,España,,Infraestructura,Nº de accesos  por tipo de acceso,,,,,,,,,FTTH,,,,,,,,,,,,,,,,,Instalados,,0.0,4530.05,0.0,4047946.0,0.0,0.0,50809871.0,0.0,0.0,77304.91,0.0,3370.18,0.0,0.0,0.0,0.0,0.0,0.0,0.0,0.0,0.0,2019,2019-01-01|Orange|Infraestructura,,
2019-01-01,Otros,20459,4038,España,Servicio mayorista,Transporte y difusión mayorista,Clientes,,,,,,,,,,,,,,,,,,,,Transporte,,,,,,,,0.0,65.87,0.0,261.0,0.0,0.0,0.0,0.0,0.0,0.0,0.0,0.0,0.0,0.0,0.0,0.0,0.0,0.0,0.0,0.0,0.0,2019,2019-01-01|Otros|Transporte y difusión mayorista,0.5988181818181818,0.41015449586776864
2019-01-01,Otros,10018,2019,España,,Infraestructura,Km de fibra oscura,,,,,,,,,,,,,,,,,,,,,,,,,,Pares de fibra,,0.0,0.0,0.0,0.0,0.0,0.0,0.0,0.0,0.0,0.0,0.0,0.0,0.0,0.0,0.0,0.0,0.0,942238.0,0.0,0.0,0.0,2019,2019-01-01|Otros|Infraestructura,,
2019-01-01,Otros,483178,94893,España,,Infraestructura,Km de fibra oscura,,,,,,,,,,,,,,,,,,,,,,,,,,Pares de fibra,,0.0,828.65,0.0,226293.0,0.0,0.0,8223015.0,0.0,0.0,10349.75,0.0,264.53,0.0,0.0,0.0,0.0,0.0,28687.74,0.0,0.0,0.0,2019,2019-01-01|Otros|Infraestructura,,
2019-01-01,Otros,40932,8076,España,Servicio mayorista,Transporte y difusión mayorista,Clientes,,,,,,,,,,,,,,,,,,,,Difusión,,,,,,,,0.0,3.08,0.0,6.0,0.0,0.0,0.0,0.0,0.0,0.0,0.0,0.0,0.0,0.0,0.0,0.0,0.0,0.0,0.0,0.0,0.0,2019,2019-01-01|Otros|Transporte y difusión mayorista,0.028,0.41015449586776864
2019-01-01,Otros,20259,4038,España,Servicio mayorista,Interconexión fija,Ingresos,,,,,,,,,,,,,,,,,,,,,,,,,,,,0.0,27.47,0.0,0.0,0.0,0.0,0.0,0.0,0.0,497.54,0.0,0.0,0.0,0.0,0.0,0.0,0.0,0.0,0.0,0.0,0.0,2019,2019-01-01|Otros|Interconexión fija,1.0,1.0
2019-01-01,Otros,10204,2019,España,Servicio mayorista,Transmisión de datos mayoristas,Ingresos,,,,,,,,,,,,,,,,,,,,,,,,,,,,0.0,64.36,0.0,0.0,0.0,0.0,0.0,0.0,0.0,0.0,0.0,0.0,0.0,0.0,0.0,0.0,0.0,0.0,0.0,0.0,0.0,2019,2019-01-01|Otros|Transmisión de datos mayoristas,0.831095041322314,0.7049867452701318
2019-01-01,Otros,20469,4038,España,Servicio mayorista,Transporte y difusión mayorista,Clientes,,,,,,,,,,,,,,,,,,,,Transporte,,,,,,,,0.0,14.26,0.0,17.0,0.0,0.0,0.0,0.0,0.0,0.0,0.0,0.0,0.0,0.0,0.0,0.0,0.0,0.0,0.0,0.0,0.0,2019,2019-01-01|Otros|Transporte y difusión mayorista,0.12963636363636363,0.41015449586776864
2019-01-01,Otros,10295,2019,España,Servicio minorista,Audiovisual minorista,Ingresos,Ingresos publicitarios,,,,,,,,,,,,,,,,Televisión,,,,,,,,,,,0.0,44.68,0.0,0.0,0.0,0.0,0.0,0.0,0.0,0.0,0.0,0.0,0.0,0.0,0.0,0.0,0.0,0.0,0.0,0.0,0.0,2019,2019-01-01|Otros|Audiovisual minorista,0.028732749418013917,0.4568313911993196
2019-01-01,Otros,20315,4038,España,Servicio mayorista,Circuitos alquilados mayoristas,Ingresos,,,,,,,,,,,,,,,,,,,,,,,,,,,,0.0,137.31,0.0,0.0,0.0,0.0,0.0,0.0,0.0,0.0,0.0,0.0,0.0,0.0,0.0,0.0,0.0,0.0,0.0,0.0,0.0,2019,2019-01-01|Otros|Circuitos alquilados mayoristas,0.2948338057201752,0.40062497321747
2019-01-01,Otros,10296,2019,España,Servicio minorista,Audiovisual minorista,Ingresos,Ingresos publicitarios,,,,,,,,,,,,,,,,Televisión,,,,,,,,,,,0.0,13.38,0.0,0.0,0.0,0.0,0.0,0.0,0.0,0.0,0.0,0.0,0.0,0.0,0.0,0.0,0.0,0.0,0.0,0.0,0.0,2019,2019-01-01|Otros|Audiovisual minorista,0.00860439094030945,0.4568313911993196
2019-01-01,Vodafone,385488,74703,España,,Infraestructura,Nº de accesos  por tipo de acceso,,,,,,,,,FTTH,,,,,,,,,,,,,,,,,Instalados,,0.0,3984.2,0.0,3855566.0,0.0,0.0,44866700.0,0.0,0.0,58127.670000000006,0.0,2806.83,0.0,0.0,0.0,0.0,0.0,0.0,0.0,0.0,0.0,2019,2019-01-01|Vodafone|Infraestructura,,
2019-01-01,Otros,10020,2019,España,,Infraestructura,Km de fibra oscura,,,,,,,,,,,,,,,,,,,,,,,,,,Pares de fibra,,0.0,0.0,0.0,0.0,0.0,0.0,0.0,0.0,0.0,0.0,0.0,0.0,0.0,0.0,0.0,0.0,0.0,143617.8,0.0,0.0,0.0,2019,2019-01-01|Otros|Infraestructura,,
2019-01-01,Nan,4063830,793467,España,,Infraestructura,Nº de accesos  por tipo de acceso,,,,,,,,,FTTH,,,,,,,,,,,,,,,,,En servicio,,32068.64,9320.03,16023801.0,0.0,252116727.0,536.7,24886535.0,9514364.0,274870.14,0.0,12415.03,0.0,32637108.29,32637108.29,180289.0,4579093.0,5022613.0,0.0,17900.0,13947.0,160233.0,2019,2019-01-01|Nan|Infraestructura,,
2020-01-01,Otros,10924,2020,España,Servicio minorista,Audiovisual minorista,Ingresos,Ingresos publicitarios,,,,,,,,,,,,,,,,Televisión,,,,,,,,,,,0.0,12.18,0.0,0.0,0.0,0.0,0.0,0.0,0.0,0.0,0.0,0.0,0.0,0.0,0.0,0.0,0.0,0.0,0.0,0.0,0.0,2020,2020-01-01|Otros|Audiovisual minorista,0.00939720552722335,0.45481951257346526
2020-01-01,Otros,11148,2020,España,Servicio minorista,Comunicaciones de Empresa,Ingresos,,,,,,,,,,,,,Transmisión de datos,,,,,,,,,,,,,,,0.0,42.94,0.0,0.0,0.0,0.0,0.0,0.0,0.0,0.0,0.0,0.0,0.0,0.0,0.0,0.0,0.0,0.0,0.0,0.0,0.0,2020,2020-01-01|Otros|Comunicaciones de Empresa,0.7514875743787189,0.6264920001337834
2020-01-01,Otros,10865,2020,España,Servicio mayorista,Transmisión de datos mayoristas,Ingresos,,,,,,,,,,,,,,,,,,,,,,,,,,,,0.0,7.39,0.0,0.0,0.0,0.0,0.0,0.0,0.0,0.0,0.0,0.0,0.0,0.0,0.0,0.0,0.0,0.0,0.0,0.0,0.0,2020,2020-01-01|Otros|Transmisión de datos mayoristas,0.10241130820399114,0.6655321953308981
2020-01-01,Otros,10925,2020,España,Servicio minorista,Audiovisual minorista,Ingresos,Ingresos publicitarios,,,,,,,,,,,,,,,,Televisión,,,,,,,,,,,0.0,635.42,0.0,0.0,0.0,0.0,0.0,0.0,0.0,0.0,0.0,0.0,0.0,0.0,0.0,0.0,0.0,0.0,0.0,0.0,0.0,2020,2020-01-01|Otros|Audiovisual minorista,0.4902440341632398,0.45481951257346526
2020-01-01,Otros,43548,8080,España,Servicio mayorista,Transporte y difusión mayorista,Clientes,,,,,,,,,,,,,,,,,,,,Difusión,,,,,,,,0.0,18.26,0.0,131.0,0.0,0.0,0.0,0.0,0.0,0.0,0.0,0.0,0.0,0.0,0.0,0.0,0.0,0.0,0.0,0.0,0.0,2020,2020-01-01|Otros|Transporte y difusión mayorista,0.18219916184394333,0.3810007725570099
2020-01-01,Otros,10684,2020,España,,Infraestructura,Km de fibra oscura,,,,,,,,,,,,,,,,,,,,,,,,,,Pares de fibra,,0.0,0.0,0.0,0.0,0.0,0.0,0.0,0.0,0.0,0.0,0.0,0.0,0.0,0.0,0.0,0.0,0.0,8952.0,0.0,0.0,0.0,2020,2020-01-01|Otros|Infraestructura,,
2020-01-01,Otros,10768,2020,España,Servicio mayorista,Circuitos alquilados mayoristas,Ingresos,,,,,,,,,,,,,,,,,,,,,,,,,,,,0.0,15.12,0.0,0.0,0.0,0.0,0.0,0.0,0.0,0.0,0.0,0.0,0.0,0.0,0.0,0.0,0.0,0.0,0.0,0.0,0.0,2020,2020-01-01|Otros|Circuitos alquilados mayoristas,0.034020340203402034,0.4164643283324202
2020-01-01,Otros,54325,10100,España,Servicio mayorista,Circuitos alquilados mayoristas,Ingresos,,,,,,,,,,,,,,,,,,,,,,,,,,,,0.0,257.19,0.0,373.0,0.0,0.0,0.0,0.0,0.0,0.0,0.0,0.0,0.0,0.0,0.0,0.0,0.0,0.0,0.0,0.0,0.0,2020,2020-01-01|Otros|Circuitos alquilados mayoristas,0.5786832868328683,0.4164643283324202
2020-01-01,Otros,10866,2020,España,Servicio mayorista,Transmisión de datos mayoristas,Ingresos,,,,,,,,,,,,,,,,,,,,,,,,,,,,0.0,6.76,0.0,0.0,0.0,0.0,0.0,0.0,0.0,0.0,0.0,0.0,0.0,0.0,0.0,0.0,0.0,0.0,0.0,0.0,0.0,2020,2020-01-01|Otros|Transmisión de datos mayoristas,0.09368070953436808,0.6655321953308981
2020-01-01,Otros,33069,6060,España,Servicio mayorista,Circuitos alquilados mayoristas,Ingresos,,,,,,,,,,,,,,,,,,,,,,,,,,,,0.0,62.900000000000006,0.0,0.0,0.0,0.0,0.0,0.0,0.0,0.0,0.0,0.0,0.0,0.0,0.0,0.0,0.0,0.0,0.0,0.0,0.0,2020,2020-01-01|Otros|Circuitos alquilados mayoristas,0.14152641526415266,0.4164643283324202
2020-01-01,Otros,10685,2020,España,,Infraestructura,Km de fibra oscura,,,,,,,,,,,,,,,,,,,,,,,,,,Pares de fibra,,0.0,0.0,0.0,0.0,0.0,0.0,0.0,0.0,0.0,0.0,0.0,0.0,0.0,0.0,0.0,0.0,0.0,68815.14,0.0,0.0,0.0,2020,2020-01-01|Otros|Infraestructura,,
2020-01-01,Otros,167562,30300,España,,Infraestructura,Nº de accesos  por tipo de acceso,,,,,,,,,FTTH,,,,,,,,,,,,,,,,,Instalados,,0.0,241.43,0.0,72787.0,0.0,0.0,6231163.0,0.0,0.0,6245.13,0.0,86.9,0.0,0.0,0.0,0.0,0.0,0.0,0.0,0.0,0.0,2020,2020-01-01|Otros|Infraestructura,,
2020-01-01,Otros,177357,32320,España,Servicio minorista,Banda ancha fija minorista,Ingresos,,,,,,,,,,,,,,,,,,,,,,,,,,,,0.0,349.54999999999995,0.0,588734.0,0.0,0.0,1416451.0,0.0,0.0,1072.84,0.0,0.0,0.0,0.0,0.0,0.0,0.0,0.0,0.0,0.0,0.0,2020,2020-01-01|Otros|Banda ancha fija minorista,1.0,1.0
2020-01-01,Otros,43879,8080,España,Servicio mayorista,Interconexión fija,Ingresos,,,,,,,,,,,,,,,,,,,,,,,,,,,,0.0,132.01999999999998,0.0,0.0,0.0,0.0,0.0,0.0,0.0,1112.49,0.0,0.0,0.0,0.0,0.0,0.0,0.0,0.0,0.0,0.0,0.0,2020,2020-01-01|Otros|Interconexión fija,0.8413204180474126,0.732999255552121
2020-01-01,Otros,11154,2020,España,Servicio minorista,Comunicaciones de Empresa,Ingresos,,,,,,,,,,,,,Alquiler de circuitos,,,,,,,,,,,,,,,0.0,14.2,0.0,0.0,0.0,0.0,0.0,0.0,0.0,0.0,0.0,0.0,0.0,0.0,0.0,0.0,0.0,0.0,0.0,0.0,0.0,2020,2020-01-01|Otros|Comunicaciones de Empresa,0.24851242562128104,0.6264920001337834
2020-01-01,Otros,343357,62620,España,,Infraestructura,Nº de accesos  por tipo de acceso,,,,,,,,,FTTH,,,,,,,,,,,,,,,,,Instalados,,0.0,1850.98,0.0,1612710.0,0.0,0.0,27029833.0,0.0,0.0,28203.81,0.0,919.04,0.0,0.0,0.0,0.0,0.0,0.0,0.0,0.0,0.0,2020,2020-01-01|Otros|Infraestructura,,
2020-01-01,Otros,43564,8080,España,Servicio mayorista,Transporte y difusión mayorista,Clientes,,,,,,,,,,,,,,,,,,,,Difusión,,,,,,,,0.0,8.25,0.0,20.0,0.0,0.0,0.0,0.0,0.0,0.0,0.0,0.0,0.0,0.0,0.0,0.0,0.0,0.0,0.0,0.0,0.0,2020,2020-01-01|Otros|Transporte y difusión mayorista,0.08231889842346837,0.3810007725570099
2020-01-01,Otros,10686,2020,España,,Infraestructura,Km de fibra oscura,,,,,,,,,,,,,,,,,,,,,,,,,,Pares de fibra,,0.0,0.0,0.0,0.0,0.0,0.0,0.0,0.0,0.0,0.0,0.0,0.0,0.0,0.0,0.0,0.0,0.0,684751.0,0.0,0.0,0.0,2020,2020-01-01|Otros|Infraestructura,,
2020-01-01,Mediaset España,10926,2020,España,Servicio minorista,Audiovisual minorista,Ingresos,Ingresos publicitarios,,,,,,,,,,,,,,,,Televisión,,,,,,,,,,,0.0,598.91,0.0,0.0,0.0,0.0,0.0,0.0,0.0,0.0,0.0,0.0,0.0,0.0,0.0,0.0,0.0,0.0,0.0,0.0,0.0,2020,2020-01-01|Mediaset España|Audiovisual minorista,0.4620755634079915,0.45481951257346526
2020-01-01,Movistar,505882,92920,España,,Infraestructura,Nº de accesos  por tipo de acceso,,,,,,,,,FTTH,,,,,,,,,,,,,,,,,Instalados,,0.0,8272.3,0.0,5720034.0,0.0,0.0,88963042.0,0.0,0.0,111379.22,0.0,5241.49,0.0,0.0,0.0,0.0,0.0,0.0,0.0,0.0,0.0,2020,2020-01-01|Movistar|Infraestructura,,
2020-01-01,Otros,112643,20200,España,Servicio minorista,Banda Ancha móvil,Ingresos,,,,,,,,,,,,,,,,,,,,,,,,,,,,0.0,436.93,0.0,0.0,0.0,0.0,6228408.0,0.0,0.0,8361.07,0.0,64.79,0.0,0.0,0.0,0.0,0.0,0.0,0.0,0.0,0.0,2020,2020-01-01|Otros|Banda Ancha móvil,1.0,1.0
2020-01-01,Orange,367044,66660,España,,Infraestructura,Nº de accesos  por tipo de acceso,,,,,,,,,FTTH,,,,,,,,,,,,,,,,,Instalados,,0.0,4270.21,0.0,3928304.0,0.0,0.0,50154171.0,0.0,0.0,96347.01,0.0,3553.2000000000003,0.0,0.0,0.0,0.0,0.0,0.0,0.0,0.0,0.0,2020,2020-01-01|Orange|Infraestructura,,
2020-01-01,Otros,21800,4040,España,Servicio mayorista,Transporte y difusión mayorista,Clientes,,,,,,,,,,,,,,,,,,,,Transporte,,,,,,,,0.0,56.76,0.0,262.0,0.0,0.0,0.0,0.0,0.0,0.0,0.0,0.0,0.0,0.0,0.0,0.0,0.0,0.0,0.0,0.0,0.0,2020,2020-01-01|Otros|Transporte y difusión mayorista,0.5663540211534623,0.3810007725570099
2020-01-01,Otros,10687,2020,España,,Infraestructura,Km de fibra oscura,,,,,,,,,,,,,,,,,,,,,,,,,,Pares de fibra,,0.0,0.0,0.0,0.0,0.0,0.0,0.0,0.0,0.0,0.0,0.0,0.0,0.0,0.0,0.0,0.0,0.0,938651.0,0.0,0.0,0.0,2020,2020-01-01|Otros|Infraestructura,,
2020-01-01,Otros,514779,94940,España,,Infraestructura,Km de fibra oscura,,,,,,,,,,,,,,,,,,,,,,,,,,Pares de fibra,,0.0,683.6700000000001,0.0,251778.0,0.0,0.0,9314133.0,0.0,0.0,12220.56,0.0,385.4,0.0,0.0,0.0,0.0,0.0,19536.04,0.0,0.0,0.0,2020,2020-01-01|Otros|Infraestructura,,
2020-01-01,Otros,43614,8080,España,Servicio mayorista,Transporte y difusión mayorista,Clientes,,,,,,,,,,,,,,,,,,,,Difusión,,,,,,,,0.0,3.0,0.0,4.0,0.0,0.0,0.0,0.0,0.0,0.0,0.0,0.0,0.0,0.0,0.0,0.0,0.0,0.0,0.0,0.0,0.0,2020,2020-01-01|Otros|Transporte y difusión mayorista,0.029934144881261227,0.3810007725570099
2020-01-01,Otros,21598,4040,España,Servicio mayorista,Interconexión fija,Ingresos,,,,,,,,,,,,,,,,,,,,,,,,,,,,0.0,24.9,0.0,0.0,0.0,0.0,0.0,0.0,0.0,373.02,0.0,0.0,0.0,0.0,0.0,0.0,0.0,0.0,0.0,0.0,0.0,2020,2020-01-01|Otros|Interconexión fija,0.1586795819525873,0.732999255552121
2020-01-01,Otros,10874,2020,España,Servicio mayorista,Transmisión de datos mayoristas,Ingresos,,,,,,,,,,,,,,,,,,,,,,,,,,,,0.0,58.01,0.0,0.0,0.0,0.0,0.0,0.0,0.0,0.0,0.0,0.0,0.0,0.0,0.0,0.0,0.0,0.0,0.0,0.0,0.0,2020,2020-01-01|Otros|Transmisión de datos mayoristas,0.8039079822616408,0.6655321953308981
2020-01-01,Otros,21810,4040,España,Servicio mayorista,Transporte y difusión mayorista,Clientes,,,,,,,,,,,,,,,,,,,,Transporte,,,,,,,,0.0,13.95,0.0,33.0,0.0,0.0,0.0,0.0,0.0,0.0,0.0,0.0,0.0,0.0,0.0,0.0,0.0,0.0,0.0,0.0,0.0,2020,2020-01-01|Otros|Transporte y difusión mayorista,0.1391937736978647,0.3810007725570099
2020-01-01,Otros,10966,2020,España,Servicio minorista,Audiovisual minorista,Ingresos,Ingresos publicitarios,,,,,,,,,,,,,,,,Televisión,,,,,,,,,,,0.0,35.86,0.0,0.0,0.0,0.0,0.0,0.0,0.0,0.0,0.0,0.0,0.0,0.0,0.0,0.0,0.0,0.0,0.0,0.0,0.0,2020,2020-01-01|Otros|Audiovisual minorista,0.027666977849444118,0.45481951257346526
2020-01-01,Otros,21653,4040,España,Servicio mayorista,Circuitos alquilados mayoristas,Ingresos,,,,,,,,,,,,,,,,,,,,,,,,,,,,0.0,109.23,0.0,0.0,0.0,0.0,0.0,0.0,0.0,0.0,0.0,0.0,0.0,0.0,0.0,0.0,0.0,0.0,0.0,0.0,0.0,2020,2020-01-01|Otros|Circuitos alquilados mayoristas,0.24576995769957702,0.4164643283324202
2020-01-01,Otros,10967,2020,España,Servicio minorista,Audiovisual minorista,Ingresos,Ingresos publicitarios,,,,,,,,,,,,,,,,Televisión,,,,,,,,,,,0.0,13.76,0.0,0.0,0.0,0.0,0.0,0.0,0.0,0.0,0.0,0.0,0.0,0.0,0.0,0.0,0.0,0.0,0.0,0.0,0.0,2020,2020-01-01|Otros|Audiovisual minorista,0.010616219052101255,0.45481951257346526
2020-01-01,Vodafone,410431,74740,España,,Infraestructura,Nº de accesos  por tipo de acceso,,,,,,,,,FTTH,,,,,,,,,,,,,,,,,Instalados,,0.0,3790.89,0.0,3616040.0,0.0,0.0,45484569.0,0.0,0.0,76232.54000000001,0.0,2781.01,0.0,0.0,0.0,0.0,0.0,0.0,0.0,0.0,0.0,2020,2020-01-01|Vodafone|Infraestructura,,
2020-01-01,Otros,10689,2020,España,,Infraestructura,Km de fibra oscura,,,,,,,,,,,,,,,,,,,,,,,,,,Pares de fibra,,0.0,0.0,0.0,0.0,0.0,0.0,0.0,0.0,0.0,0.0,0.0,0.0,0.0,0.0,0.0,0.0,0.0,147431.74,0.0,0.0,0.0,2020,2020-01-01|Otros|Infraestructura,,
2020-01-01,Nan,4340165,795880,España,,Infraestructura,Nº de accesos  por tipo de acceso,,,,,,,,,FTTH,,,,,,,,,,,,,,,,,En servicio,,31631.95,9609.0,15791210.0,0.0,260835009.0,550.7,26013239.0,8881986.0,341547.69,0.0,13031.86,0.0,50114664.1,50114664.1,175103.0,4282403.0,6973111.0,0.0,17138.0,13307.0,172081.0,2020,2020-01-01|Nan|Infraestructura,,
2021-01-01,Otros,11600,2021,España,Servicio minorista,Audiovisual minorista,Ingresos,Ingresos publicitarios,,,,,,,,,,,,,,,,Televisión,,,,,,,,,,,0.0,13.69,0.0,0.0,0.0,0.0,0.0,0.0,0.0,0.0,0.0,0.0,0.0,0.0,0.0,0.0,0.0,0.0,0.0,0.0,0.0,2021,2021-01-01|Otros|Audiovisual minorista,0.009665962960086422,0.4544508691628643
2021-01-01,Otros,11823,2021,España,Servicio minorista,Comunicaciones de Empresa,Ingresos,,,,,,,,,,,,,Transmisión de datos,,,,,,,,,,,,,,,0.0,25.7,0.0,0.0,0.0,0.0,0.0,0.0,0.0,0.0,0.0,0.0,0.0,0.0,0.0,0.0,0.0,0.0,0.0,0.0,0.0,2021,2021-01-01|Otros|Comunicaciones de Empresa,0.6457286432160805,0.5424736749071994
2021-01-01,Otros,11543,2021,España,Servicio mayorista,Transmisión de datos mayoristas,Ingresos,,,,,,,,,,,,,,,,,,,,,,,,,,,,0.0,8.09,0.0,0.0,0.0,0.0,0.0,0.0,0.0,0.0,0.0,0.0,0.0,0.0,0.0,0.0,0.0,0.0,0.0,0.0,0.0,2021,2021-01-01|Otros|Transmisión de datos mayoristas,0.12098100792582622,0.6280069878391765
2021-01-01,Otros,11601,2021,España,Servicio minorista,Audiovisual minorista,Ingresos,Ingresos publicitarios,,,,,,,,,,,,,,,,Televisión,,,,,,,,,,,0.0,700.61,0.0,0.0,0.0,0.0,0.0,0.0,0.0,0.0,0.0,0.0,0.0,0.0,0.0,0.0,0.0,0.0,0.0,0.0,0.0,2021,2021-01-01|Otros|Audiovisual minorista,0.49467277644018615,0.4544508691628643
2021-01-01,Otros,46260,8084,España,Servicio mayorista,Transporte y difusión mayorista,Clientes,,,,,,,,,,,,,,,,,,,,Difusión,,,,,,,,0.0,18.0,0.0,120.0,0.0,0.0,0.0,0.0,0.0,0.0,0.0,0.0,0.0,0.0,0.0,0.0,0.0,0.0,0.0,0.0,0.0,2021,2021-01-01|Otros|Transporte y difusión mayorista,0.16500137501145842,0.38655688265731114
2021-01-01,Otros,11361,2021,España,,Infraestructura,Km de fibra oscura,,,,,,,,,,,,,,,,,,,,,,,,,,Pares de fibra,,0.0,0.0,0.0,0.0,0.0,0.0,0.0,0.0,0.0,0.0,0.0,0.0,0.0,0.0,0.0,0.0,0.0,8952.0,0.0,0.0,0.0,2021,2021-01-01|Otros|Infraestructura,,
2021-01-01,Otros,11445,2021,España,Servicio mayorista,Circuitos alquilados mayoristas,Ingresos,,,,,,,,,,,,,,,,,,,,,,,,,,,,0.0,14.0,0.0,0.0,0.0,0.0,0.0,0.0,0.0,0.0,0.0,0.0,0.0,0.0,0.0,0.0,0.0,0.0,0.0,0.0,0.0,2021,2021-01-01|Otros|Circuitos alquilados mayoristas,0.03350083752093803,0.3927807647725976
2021-01-01,Otros,57714,10105,España,Servicio mayorista,Circuitos alquilados mayoristas,Ingresos,,,,,,,,,,,,,,,,,,,,,,,,,,,,0.0,230.92,0.0,352.0,0.0,0.0,0.0,0.0,0.0,0.0,0.0,0.0,0.0,0.0,0.0,0.0,0.0,0.0,0.0,0.0,0.0,2021,2021-01-01|Otros|Circuitos alquilados mayoristas,0.5525723857382149,0.3927807647725976
2021-01-01,Otros,11544,2021,España,Servicio mayorista,Transmisión de datos mayoristas,Ingresos,,,,,,,,,,,,,,,,,,,,,,,,,,,,0.0,6.86,0.0,0.0,0.0,0.0,0.0,0.0,0.0,0.0,0.0,0.0,0.0,0.0,0.0,0.0,0.0,0.0,0.0,0.0,0.0,2021,2021-01-01|Otros|Transmisión de datos mayoristas,0.10258710931658442,0.6280069878391765
2021-01-01,Otros,35096,6063,España,Servicio mayorista,Circuitos alquilados mayoristas,Ingresos,,,,,,,,,,,,,,,,,,,,,,,,,,,,0.0,78.92999999999999,0.0,0.0,0.0,0.0,0.0,0.0,0.0,0.0,0.0,0.0,0.0,0.0,0.0,0.0,0.0,0.0,0.0,0.0,0.0,2021,2021-01-01|Otros|Circuitos alquilados mayoristas,0.188872936109117,0.3927807647725976
2021-01-01,Otros,11362,2021,España,,Infraestructura,Km de fibra oscura,,,,,,,,,,,,,,,,,,,,,,,,,,Pares de fibra,,0.0,0.0,0.0,0.0,0.0,0.0,0.0,0.0,0.0,0.0,0.0,0.0,0.0,0.0,0.0,0.0,0.0,53612.0,0.0,0.0,0.0,2021,2021-01-01|Otros|Infraestructura,,
2021-01-01,Otros,177706,30315,España,,Infraestructura,Nº de accesos  por tipo de acceso,,,,,,,,,FTTH,,,,,,,,,,,,,,,,,Instalados,,0.0,322.57,0.0,164964.0,0.0,0.0,9773490.0,0.0,0.0,7326.799999999999,0.0,85.11,0.0,0.0,0.0,0.0,0.0,0.0,0.0,0.0,0.0,2021,2021-01-01|Otros|Infraestructura,,
2021-01-01,Otros,188181,32336,España,Servicio minorista,Banda ancha fija minorista,Ingresos,,,,,,,,,,,,,,,,,,,,,,,,,,,,0.0,355.26,0.0,590712.0,0.0,0.0,1482394.0,0.0,0.0,860.95,0.0,0.0,0.0,0.0,0.0,0.0,0.0,0.0,0.0,0.0,0.0,2021,2021-01-01|Otros|Banda ancha fija minorista,1.0,1.0
2021-01-01,Otros,46583,8084,España,Servicio mayorista,Interconexión fija,Ingresos,,,,,,,,,,,,,,,,,,,,,,,,,,,,0.0,88.2,0.0,0.0,0.0,0.0,0.0,0.0,0.0,1742.97,0.0,0.0,0.0,0.0,0.0,0.0,0.0,0.0,0.0,0.0,0.0,2021,2021-01-01|Otros|Interconexión fija,0.6528980679546968,0.5467556383685582
2021-01-01,Otros,11829,2021,España,Servicio minorista,Comunicaciones de Empresa,Ingresos,,,,,,,,,,,,,Alquiler de circuitos,,,,,,,,,,,,,,,0.0,14.1,0.0,0.0,0.0,0.0,0.0,0.0,0.0,0.0,0.0,0.0,0.0,0.0,0.0,0.0,0.0,0.0,0.0,0.0,0.0,2021,2021-01-01|Otros|Comunicaciones de Empresa,0.35427135678391963,0.5424736749071994
2021-01-01,Otros,364326,62651,España,,Infraestructura,Nº de accesos  por tipo de acceso,,,,,,,,,FTTH,,,,,,,,,,,,,,,,,Instalados,,0.0,2011.6,0.0,1871076.0,0.0,0.0,29887508.0,0.0,0.0,33174.46,0.0,1332.5,0.0,0.0,0.0,0.0,0.0,0.0,0.0,0.0,0.0,2021,2021-01-01|Otros|Infraestructura,,
2021-01-01,Otros,46276,8084,España,Servicio mayorista,Transporte y difusión mayorista,Clientes,,,,,,,,,,,,,,,,,,,,Difusión,,,,,,,,0.0,8.26,0.0,18.0,0.0,0.0,0.0,0.0,0.0,0.0,0.0,0.0,0.0,0.0,0.0,0.0,0.0,0.0,0.0,0.0,0.0,2021,2021-01-01|Otros|Transporte y difusión mayorista,0.07571729764414703,0.38655688265731114
2021-01-01,Otros,11363,2021,España,,Infraestructura,Km de fibra oscura,,,,,,,,,,,,,,,,,,,,,,,,,,Pares de fibra,,0.0,0.0,0.0,0.0,0.0,0.0,0.0,0.0,0.0,0.0,0.0,0.0,0.0,0.0,0.0,0.0,0.0,777338.0,0.0,0.0,0.0,2021,2021-01-01|Otros|Infraestructura,,
2021-01-01,Mediaset España,11602,2021,España,Servicio minorista,Audiovisual minorista,Ingresos,Ingresos publicitarios,,,,,,,,,,,,,,,,Televisión,,,,,,,,,,,0.0,647.02,0.0,0.0,0.0,0.0,0.0,0.0,0.0,0.0,0.0,0.0,0.0,0.0,0.0,0.0,0.0,0.0,0.0,0.0,0.0,2021,2021-01-01|Mediaset España|Audiovisual minorista,0.4568350149331714,0.4544508691628643
2021-01-01,Movistar,537001,92966,España,,Infraestructura,Nº de accesos  por tipo de acceso,,,,,,,,,FTTH,,,,,,,,,,,,,,,,,Instalados,,0.0,7831.02,0.0,5431553.0,0.0,0.0,88764139.0,0.0,0.0,103636.84,0.0,6172.929999999999,0.0,0.0,0.0,0.0,0.0,0.0,0.0,0.0,0.0,2021,2021-01-01|Movistar|Infraestructura,,
2021-01-01,Otros,131389,22231,España,Servicio minorista,Banda Ancha móvil,Ingresos,,,,,,,,,,,,,,,,,,,,,,,,,,,,0.0,322.24,0.0,0.0,0.0,0.0,4748609.0,0.0,0.0,5661.55,0.0,32.67,0.0,0.0,0.0,0.0,0.0,0.0,0.0,0.0,0.0,2021,2021-01-01|Otros|Banda Ancha móvil,1.0,1.0
2021-01-01,Orange,389363,66693,España,,Infraestructura,Nº de accesos  por tipo de acceso,,,,,,,,,FTTH,,,,,,,,,,,,,,,,,Instalados,,0.0,3998.96,0.0,3854447.0,0.0,0.0,51198292.0,0.0,0.0,97686.76,0.0,4505.5,0.0,0.0,0.0,0.0,0.0,0.0,0.0,0.0,0.0,2021,2021-01-01|Orange|Infraestructura,,
2021-01-01,Otros,23155,4042,España,Servicio mayorista,Transporte y difusión mayorista,Clientes,,,,,,,,,,,,,,,,,,,,Transporte,,,,,,,,0.0,62.41,0.0,299.0,0.0,0.0,0.0,0.0,0.0,0.0,0.0,0.0,0.0,0.0,0.0,0.0,0.0,0.0,0.0,0.0,0.0,2021,2021-01-01|Otros|Transporte y difusión mayorista,0.5720964341369511,0.38655688265731114
2021-01-01,Otros,11364,2021,España,,Infraestructura,Km de fibra oscura,,,,,,,,,,,,,,,,,,,,,,,,,,Pares de fibra,,0.0,0.0,0.0,0.0,0.0,0.0,0.0,0.0,0.0,0.0,0.0,0.0,0.0,0.0,0.0,0.0,0.0,940080.0,0.0,0.0,0.0,2021,2021-01-01|Otros|Infraestructura,,
2021-01-01,Otros,534805,92966,España,,Infraestructura,Km de fibra oscura,,,,,,,,,,,,,,,,,,,,,,,,,,Pares de fibra,,0.0,680.72,0.0,305944.0,0.0,0.0,13537815.0,0.0,0.0,11863.32,0.0,601.66,0.0,0.0,0.0,0.0,0.0,18482.23,0.0,0.0,0.0,2021,2021-01-01|Otros|Infraestructura,,
2021-01-01,Otros,46324,8084,España,Servicio mayorista,Transporte y difusión mayorista,Clientes,,,,,,,,,,,,,,,,,,,,Difusión,,,,,,,,0.0,2.98,0.0,4.0,0.0,0.0,0.0,0.0,0.0,0.0,0.0,0.0,0.0,0.0,0.0,0.0,0.0,0.0,0.0,0.0,0.0,2021,2021-01-01|Otros|Transporte y difusión mayorista,0.02731689430745256,0.38655688265731114
2021-01-01,Otros,22952,4042,España,Servicio mayorista,Interconexión fija,Ingresos,,,,,,,,,,,,,,,,,,,,,,,,,,,,0.0,46.89,0.0,0.0,0.0,0.0,0.0,0.0,0.0,426.36,0.0,0.0,0.0,0.0,0.0,0.0,0.0,0.0,0.0,0.0,0.0,2021,2021-01-01|Otros|Interconexión fija,0.34710193204530315,0.5467556383685582
2021-01-01,Otros,11552,2021,España,Servicio mayorista,Transmisión de datos mayoristas,Ingresos,,,,,,,,,,,,,,,,,,,,,,,,,,,,0.0,51.92,0.0,0.0,0.0,0.0,0.0,0.0,0.0,0.0,0.0,0.0,0.0,0.0,0.0,0.0,0.0,0.0,0.0,0.0,0.0,2021,2021-01-01|Otros|Transmisión de datos mayoristas,0.7764318827575893,0.6280069878391765
2021-01-01,Otros,23165,4042,España,Servicio mayorista,Transporte y difusión mayorista,Clientes,,,,,,,,,,,,,,,,,,,,Transporte,,,,,,,,0.0,17.44,0.0,41.0,0.0,0.0,0.0,0.0,0.0,0.0,0.0,0.0,0.0,0.0,0.0,0.0,0.0,0.0,0.0,0.0,0.0,2021,2021-01-01|Otros|Transporte y difusión mayorista,0.15986799889999084,0.38655688265731114
2021-01-01,Otros,11643,2021,España,Servicio minorista,Audiovisual minorista,Ingresos,Ingresos publicitarios,,,,,,,,,,,,,,,,Televisión,,,,,,,,,,,0.0,41.81,0.0,0.0,0.0,0.0,0.0,0.0,0.0,0.0,0.0,0.0,0.0,0.0,0.0,0.0,0.0,0.0,0.0,0.0,0.0,2021,2021-01-01|Otros|Audiovisual minorista,0.029520373364588265,0.4544508691628643
2021-01-01,Otros,23008,4042,España,Servicio mayorista,Circuitos alquilados mayoristas,Ingresos,,,,,,,,,,,,,,,,,,,,,,,,,,,,0.0,94.05,0.0,0.0,0.0,0.0,0.0,0.0,0.0,0.0,0.0,0.0,0.0,0.0,0.0,0.0,0.0,0.0,0.0,0.0,0.0,2021,2021-01-01|Otros|Circuitos alquilados mayoristas,0.2250538406317301,0.3927807647725976
2021-01-01,Otros,11644,2021,España,Servicio minorista,Audiovisual minorista,Ingresos,Ingresos publicitarios,,,,,,,,,,,,,,,,Televisión,,,,,,,,,,,0.0,13.18,0.0,0.0,0.0,0.0,0.0,0.0,0.0,0.0,0.0,0.0,0.0,0.0,0.0,0.0,0.0,0.0,0.0,0.0,0.0,2021,2021-01-01|Otros|Audiovisual minorista,0.009305872301967789,0.4544508691628643
2021-01-01,Vodafone,435453,74777,España,,Infraestructura,Nº de accesos  por tipo de acceso,,,,,,,,,FTTH,,,,,,,,,,,,,,,,,Instalados,,0.0,3785.41,0.0,3273300.0,0.0,0.0,46228033.0,0.0,0.0,74319.85,0.0,3608.49,0.0,0.0,0.0,0.0,0.0,0.0,0.0,0.0,0.0,2021,2021-01-01|Vodafone|Infraestructura,,
2021-01-01,Otros,11366,2021,España,,Infraestructura,Km de fibra oscura,,,,,,,,,,,,,,,,,,,,,,,,,,Pares de fibra,,0.0,0.0,0.0,0.0,0.0,0.0,0.0,0.0,0.0,0.0,0.0,0.0,0.0,0.0,0.0,0.0,0.0,156009.03,0.0,0.0,0.0,2021,2021-01-01|Otros|Infraestructura,,
2021-01-01,Nan,4606824,796274,España,,Infraestructura,Nº de accesos  por tipo de acceso,,,,,,,,,FTTH,,,,,,,,,,,,,,,,,En servicio,,33026.04,11533.19,15492830.0,0.0,289000000.0,609.2,43379720.0,9261137.0,336699.86,0.0,16338.87,0.0,59543447.760000005,59543447.760000005,165297.0,4643444.0,8348953.0,0.0,15595.0,13114.0,182294.0,2021,2021-01-01|Nan|Infraestructura,,
2022-01-01,Otros,12272,2022,España,Servicio minorista,Audiovisual minorista,Ingresos,Ingresos publicitarios,,,,,,,,,,,,,,,,Televisión,,,,,,,,,,,0.0,13.64,0.0,0.0,0.0,0.0,0.0,0.0,0.0,0.0,0.0,0.0,0.0,0.0,0.0,0.0,0.0,0.0,0.0,0.0,0.0,2022,2022-01-01|Otros|Audiovisual minorista,0.010208129083438733,0.4462905337962067
2022-01-01,Otros,12495,2022,España,Servicio minorista,Comunicaciones de Empresa,Ingresos,,,,,,,,,,,,,Transmisión de datos,,,,,,,,,,,,,,,0.0,22.71,0.0,0.0,0.0,0.0,0.0,0.0,0.0,0.0,0.0,0.0,0.0,0.0,0.0,0.0,0.0,0.0,0.0,0.0,0.0,2022,2022-01-01|Otros|Comunicaciones de Empresa,0.6565481352992194,0.5490146373313254
2022-01-01,Otros,12214,2022,España,Servicio mayorista,Transmisión de datos mayoristas,Ingresos,,,,,,,,,,,,,,,,,,,,,,,,,,,,0.0,7.75,0.0,0.0,0.0,0.0,0.0,0.0,0.0,0.0,0.0,0.0,0.0,0.0,0.0,0.0,0.0,0.0,0.0,0.0,0.0,2022,2022-01-01|Otros|Transmisión de datos mayoristas,0.11071428571428571,0.6376110612244897
2022-01-01,Otros,12273,2022,España,Servicio minorista,Audiovisual minorista,Ingresos,Ingresos publicitarios,,,,,,,,,,,,,,,,Televisión,,,,,,,,,,,0.0,655.78,0.0,0.0,0.0,0.0,0.0,0.0,0.0,0.0,0.0,0.0,0.0,0.0,0.0,0.0,0.0,0.0,0.0,0.0,0.0,2022,2022-01-01|Otros|Audiovisual minorista,0.4907834963590507,0.4462905337962067
2022-01-01,Otros,48948,8088,España,Servicio mayorista,Transporte y difusión mayorista,Clientes,,,,,,,,,,,,,,,,,,,,Difusión,,,,,,,,0.0,18.15,0.0,124.0,0.0,0.0,0.0,0.0,0.0,0.0,0.0,0.0,0.0,0.0,0.0,0.0,0.0,0.0,0.0,0.0,0.0,2022,2022-01-01|Otros|Transporte y difusión mayorista,0.17669392523364486,0.34970632897341836
2022-01-01,Otros,12038,2022,España,,Infraestructura,Km de fibra oscura,,,,,,,,,,,,,,,,,,,,,,,,,,Pares de fibra,,0.0,0.0,0.0,0.0,0.0,0.0,0.0,0.0,0.0,0.0,0.0,0.0,0.0,0.0,0.0,0.0,0.0,8952.0,0.0,0.0,0.0,2022,2022-01-01|Otros|Infraestructura,,
2022-01-01,Otros,12115,2022,España,Servicio mayorista,Circuitos alquilados mayoristas,Ingresos,,,,,,,,,,,,,,,,,,,,,,,,,,,,0.0,15.0,0.0,0.0,0.0,0.0,0.0,0.0,0.0,0.0,0.0,0.0,0.0,0.0,0.0,0.0,0.0,0.0,0.0,0.0,0.0,2022,2022-01-01|Otros|Circuitos alquilados mayoristas,0.03776625207714386,0.4441612565423944
2022-01-01,Otros,61072,10110,España,Servicio mayorista,Circuitos alquilados mayoristas,Ingresos,,,,,,,,,,,,,,,,,,,,,,,,,,,,0.0,243.5,0.0,348.0,0.0,0.0,0.0,0.0,0.0,0.0,0.0,0.0,0.0,0.0,0.0,0.0,0.0,0.0,0.0,0.0,0.0,2022,2022-01-01|Otros|Circuitos alquilados mayoristas,0.6130721587189687,0.4441612565423944
2022-01-01,Otros,12215,2022,España,Servicio mayorista,Transmisión de datos mayoristas,Ingresos,,,,,,,,,,,,,,,,,,,,,,,,,,,,0.0,7.39,0.0,0.0,0.0,0.0,0.0,0.0,0.0,0.0,0.0,0.0,0.0,0.0,0.0,0.0,0.0,0.0,0.0,0.0,0.0,2022,2022-01-01|Otros|Transmisión de datos mayoristas,0.10557142857142857,0.6376110612244897
2022-01-01,Otros,37110,6066,España,Servicio mayorista,Circuitos alquilados mayoristas,Ingresos,,,,,,,,,,,,,,,,,,,,,,,,,,,,0.0,47.73,0.0,0.0,0.0,0.0,0.0,0.0,0.0,0.0,0.0,0.0,0.0,0.0,0.0,0.0,0.0,0.0,0.0,0.0,0.0,2022,2022-01-01|Otros|Circuitos alquilados mayoristas,0.12017221410947176,0.4441612565423944
2022-01-01,Otros,12039,2022,España,,Infraestructura,Km de fibra oscura,,,,,,,,,,,,,,,,,,,,,,,,,,Pares de fibra,,0.0,0.0,0.0,0.0,0.0,0.0,0.0,0.0,0.0,0.0,0.0,0.0,0.0,0.0,0.0,0.0,0.0,106835.0,0.0,0.0,0.0,2022,2022-01-01|Otros|Infraestructura,,
2022-01-01,Otros,187751,30330,España,,Infraestructura,Nº de accesos  por tipo de acceso,,,,,,,,,FTTH,,,,,,,,,,,,,,,,,Instalados,,0.0,449.02,0.0,276933.0,0.0,0.0,14517633.0,0.0,0.0,8699.15,0.0,75.47,0.0,0.0,0.0,0.0,0.0,0.0,0.0,0.0,0.0,2022,2022-01-01|Otros|Infraestructura,,
2022-01-01,Otros,49265,8088,España,Servicio mayorista,Interconexión fija,Ingresos,,,,,,,,,,,,,,,,,,,,,,,,,,,,0.0,66.16,0.0,0.0,0.0,0.0,0.0,0.0,0.0,1837.42,0.0,0.0,0.0,0.0,0.0,0.0,0.0,0.0,0.0,0.0,0.0,2022,2022-01-01|Otros|Interconexión fija,0.6824136152656008,0.5665494540685333
2022-01-01,Otros,12500,2022,España,Servicio minorista,Comunicaciones de Empresa,Ingresos,,,,,,,,,,,,,Alquiler de circuitos,,,,,,,,,,,,,,,0.0,11.88,0.0,0.0,0.0,0.0,0.0,0.0,0.0,0.0,0.0,0.0,0.0,0.0,0.0,0.0,0.0,0.0,0.0,0.0,0.0,2022,2022-01-01|Otros|Comunicaciones de Empresa,0.34345186470078054,0.5490146373313254
2022-01-01,Otros,421801,68748,España,,Infraestructura,Km de fibra oscura,,,,,,,,,,,,,,,,,,,,,,,,,,Pares de fibra,,0.0,2551.01,0.0,2644329.0,0.0,0.0,36137546.0,0.0,0.0,39278.01,0.0,1790.78,0.0,0.0,0.0,0.0,0.0,2183.04,0.0,0.0,0.0,2022,2022-01-01|Otros|Infraestructura,,
2022-01-01,Otros,48964,8088,España,Servicio mayorista,Transporte y difusión mayorista,Clientes,,,,,,,,,,,,,,,,,,,,Difusión,,,,,,,,0.0,8.23,0.0,17.0,0.0,0.0,0.0,0.0,0.0,0.0,0.0,0.0,0.0,0.0,0.0,0.0,0.0,0.0,0.0,0.0,0.0,2022,2022-01-01|Otros|Transporte y difusión mayorista,0.08012071651090343,0.34970632897341836
2022-01-01,Otros,12041,2022,España,,Infraestructura,Km de fibra oscura,,,,,,,,,,,,,,,,,,,,,,,,,,Pares de fibra,,0.0,0.0,0.0,0.0,0.0,0.0,0.0,0.0,0.0,0.0,0.0,0.0,0.0,0.0,0.0,0.0,0.0,791114.0,0.0,0.0,0.0,2022,2022-01-01|Otros|Infraestructura,,
2022-01-01,Mediaset España,12274,2022,España,Servicio minorista,Audiovisual minorista,Ingresos,Ingresos publicitarios,,,,,,,,,,,,,,,,Televisión,,,,,,,,,,,0.0,603.69,0.0,0.0,0.0,0.0,0.0,0.0,0.0,0.0,0.0,0.0,0.0,0.0,0.0,0.0,0.0,0.0,0.0,0.0,0.0,2022,2022-01-01|Mediaset España|Audiovisual minorista,0.4517995195294083,0.4462905337962067
2022-01-01,Movistar,567826,93012,España,,Infraestructura,Nº de accesos  por tipo de acceso,,,,,,,,,FTTH,,,,,,,,,,,,,,,,,Instalados,,0.0,7598.82,0.0,5112649.0,0.0,0.0,89715935.0,0.0,0.0,102382.91,0.0,6757.070000000001,0.0,0.0,0.0,0.0,0.0,0.0,0.0,0.0,0.0,2022,2022-01-01|Movistar|Infraestructura,,
2022-01-01,Otros,138733,22242,España,Servicio minorista,Banda Ancha móvil,Ingresos,,,,,,,,,,,,,,,,,,,,,,,,,,,,0.0,191.59,0.0,0.0,0.0,0.0,2553807.0,0.0,0.0,2819.25,0.0,11.32,0.0,0.0,0.0,0.0,0.0,0.0,0.0,0.0,0.0,2022,2022-01-01|Otros|Banda Ancha móvil,1.0,1.0
2022-01-01,Orange,411458,66726,España,,Infraestructura,Nº de accesos  por tipo de acceso,,,,,,,,,FTTH,,,,,,,,,,,,,,,,,Instalados,,0.0,3905.06,0.0,3737235.0,0.0,0.0,52428819.0,0.0,0.0,91607.92,0.0,4959.67,0.0,0.0,0.0,0.0,0.0,0.0,0.0,0.0,0.0,2022,2022-01-01|Orange|Infraestructura,,
2022-01-01,Otros,24499,4044,España,Servicio mayorista,Transporte y difusión mayorista,Clientes,,,,,,,,,,,,,,,,,,,,Transporte,,,,,,,,0.0,53.97,0.0,302.0,0.0,0.0,0.0,0.0,0.0,0.0,0.0,0.0,0.0,0.0,0.0,0.0,0.0,0.0,0.0,0.0,0.0,2022,2022-01-01|Otros|Transporte y difusión mayorista,0.5254088785046729,0.34970632897341836
2022-01-01,Otros,12042,2022,España,,Infraestructura,Km de fibra oscura,,,,,,,,,,,,,,,,,,,,,,,,,,Pares de fibra,,0.0,0.0,0.0,0.0,0.0,0.0,0.0,0.0,0.0,0.0,0.0,0.0,0.0,0.0,0.0,0.0,0.0,940275.0,0.0,0.0,0.0,2022,2022-01-01|Otros|Infraestructura,,
2022-01-01,Otros,541904,88968,España,,Infraestructura,Km de fibra oscura,,,,,,,,,,,,,,,,,,,,,,,,,,Pares de fibra,,0.0,689.14,0.0,323913.0,0.0,0.0,13849513.0,0.0,0.0,9700.88,0.0,515.2,0.0,0.0,0.0,0.0,0.0,15278.0,0.0,0.0,0.0,2022,2022-01-01|Otros|Infraestructura,,
2022-01-01,Otros,49012,8088,España,Servicio mayorista,Transporte y difusión mayorista,Clientes,,,,,,,,,,,,,,,,,,,,Difusión,,,,,,,,0.0,3.13,0.0,4.0,0.0,0.0,0.0,0.0,0.0,0.0,0.0,0.0,0.0,0.0,0.0,0.0,0.0,0.0,0.0,0.0,0.0,2022,2022-01-01|Otros|Transporte y difusión mayorista,0.030471183800623053,0.34970632897341836
2022-01-01,Otros,24292,4044,España,Servicio mayorista,Interconexión fija,Ingresos,,,,,,,,,,,,,,,,,,,,,,,,,,,,0.0,30.79,0.0,0.0,0.0,0.0,0.0,0.0,0.0,433.55,0.0,0.0,0.0,0.0,0.0,0.0,0.0,0.0,0.0,0.0,0.0,2022,2022-01-01|Otros|Interconexión fija,0.3175863847343992,0.5665494540685333
2022-01-01,Otros,12224,2022,España,Servicio mayorista,Transmisión de datos mayoristas,Ingresos,,,,,,,,,,,,,,,,,,,,,,,,,,,,0.0,54.86,0.0,0.0,0.0,0.0,0.0,0.0,0.0,0.0,0.0,0.0,0.0,0.0,0.0,0.0,0.0,0.0,0.0,0.0,0.0,2022,2022-01-01|Otros|Transmisión de datos mayoristas,0.7837142857142857,0.6376110612244897
2022-01-01,Otros,24509,4044,España,Servicio mayorista,Transporte y difusión mayorista,Clientes,,,,,,,,,,,,,,,,,,,,Transporte,,,,,,,,0.0,19.24,0.0,44.0,0.0,0.0,0.0,0.0,0.0,0.0,0.0,0.0,0.0,0.0,0.0,0.0,0.0,0.0,0.0,0.0,0.0,2022,2022-01-01|Otros|Transporte y difusión mayorista,0.18730529595015574,0.34970632897341836
2022-01-01,Otros,12318,2022,España,Servicio minorista,Audiovisual minorista,Ingresos,Ingresos publicitarios,,,,,,,,,,,,,,,,Televisión,,,,,,,,,,,0.0,40.03,0.0,0.0,0.0,0.0,0.0,0.0,0.0,0.0,0.0,0.0,0.0,0.0,0.0,0.0,0.0,0.0,0.0,0.0,0.0,2022,2022-01-01|Otros|Audiovisual minorista,0.029958314311587422,0.4462905337962067
2022-01-01,Otros,24350,4044,España,Servicio mayorista,Circuitos alquilados mayoristas,Ingresos,,,,,,,,,,,,,,,,,,,,,,,,,,,,0.0,90.95,0.0,0.0,0.0,0.0,0.0,0.0,0.0,0.0,0.0,0.0,0.0,0.0,0.0,0.0,0.0,0.0,0.0,0.0,0.0,2022,2022-01-01|Otros|Circuitos alquilados mayoristas,0.22898937509441564,0.4441612565423944
2022-01-01,Otros,12319,2022,España,Servicio minorista,Audiovisual minorista,Ingresos,Ingresos publicitarios,,,,,,,,,,,,,,,,Televisión,,,,,,,,,,,0.0,23.05,0.0,0.0,0.0,0.0,0.0,0.0,0.0,0.0,0.0,0.0,0.0,0.0,0.0,0.0,0.0,0.0,0.0,0.0,0.0,2022,2022-01-01|Otros|Audiovisual minorista,0.017250540716514867,0.4462905337962067
2022-01-01,Vodafone,448169,72792,España,,Infraestructura,Nº de accesos  por tipo de acceso,,,,,,,,,FTTH,,,,,,,,,,,,,,,,,Instalados,,0.0,3402.81,0.0,2934131.0,0.0,0.0,45868322.0,0.0,0.0,55009.57,0.0,3568.7,0.0,0.0,0.0,0.0,0.0,0.0,0.0,0.0,0.0,2022,2022-01-01|Vodafone|Infraestructura,,
2022-01-01,Otros,12044,2022,España,,Infraestructura,Km de fibra oscura,,,,,,,,,,,,,,,,,,,,,,,,,,Pares de fibra,,0.0,0.0,0.0,0.0,0.0,0.0,0.0,0.0,0.0,0.0,0.0,0.0,0.0,0.0,0.0,0.0,0.0,160932.89,0.0,0.0,0.0,2022,2022-01-01|Otros|Infraestructura,,
2022-01-01,Nan,4933667,806778,España,,Infraestructura,Nº de accesos  por tipo de acceso,,,,,,,,,FTTH,,,,,,,,,,,,,,,,,En servicio,,32941.22,12116.21,15030029.0,0.0,301490003.0,635.5,46418428.0,8141684.0,311768.64,0.0,17678.21,0.0,70362857.37,70362857.37,155944.0,4536848.0,6218980.0,0.0,2588.0,0.0,192915.0,2022,2022-01-01|Nan|Infraestructura,,
2023-01-01,Otros,12938,2023,España,Servicio minorista,Audiovisual minorista,Ingresos,Ingresos publicitarios,,,,,,,,,,,,,,,,Televisión,,,,,,,,,,,0.0,12.85,0.0,0.0,0.0,0.0,0.0,0.0,0.0,0.0,0.0,0.0,0.0,0.0,0.0,0.0,0.0,0.0,0.0,0.0,0.0,2023,2023-01-01|Otros|Audiovisual minorista,0.009749694610733009,0.4455553462472291
2023-01-01,Otros,13173,2023,España,Servicio minorista,Comunicaciones de Empresa,Ingresos,,,,,,,,,,,,,Transmisión de datos,,,,,,,,,,,,,,,0.0,19.8,0.0,0.0,0.0,0.0,0.0,0.0,0.0,0.0,0.0,0.0,0.0,0.0,0.0,0.0,0.0,0.0,0.0,0.0,0.0,2023,2023-01-01|Otros|Comunicaciones de Empresa,0.6395348837209303,0.538939967550027
2023-01-01,Otros,12880,2023,España,Servicio mayorista,Transmisión de datos mayoristas,Ingresos,,,,,,,,,,,,,,,,,,,,,,,,,,,,0.0,8.24,0.0,0.0,0.0,0.0,0.0,0.0,0.0,0.0,0.0,0.0,0.0,0.0,0.0,0.0,0.0,0.0,0.0,0.0,0.0,2023,2023-01-01|Otros|Transmisión de datos mayoristas,0.12225519287833828,0.6552360679410753
2023-01-01,Otros,12939,2023,España,Servicio minorista,Audiovisual minorista,Ingresos,Ingresos publicitarios,,,,,,,,,,,,,,,,Televisión,,,,,,,,,,,0.0,655.6,0.0,0.0,0.0,0.0,0.0,0.0,0.0,0.0,0.0,0.0,0.0,0.0,0.0,0.0,0.0,0.0,0.0,0.0,0.0,2023,2023-01-01|Otros|Audiovisual minorista,0.4974241079219114,0.4455553462472291
2023-01-01,Otros,51612,8092,España,Servicio mayorista,Transporte y difusión mayorista,Clientes,,,,,,,,,,,,,,,,,,,,Difusión,,,,,,,,0.0,18.04,0.0,117.0,0.0,0.0,0.0,0.0,0.0,0.0,0.0,0.0,0.0,0.0,0.0,0.0,0.0,0.0,0.0,0.0,0.0,2023,2023-01-01|Otros|Transporte y difusión mayorista,0.17185862627417356,0.35805356146839407
2023-01-01,Otros,12704,2023,España,,Infraestructura,Km de fibra oscura,,,,,,,,,,,,,,,,,,,,,,,,,,Pares de fibra,,0.0,0.0,0.0,0.0,0.0,0.0,0.0,0.0,0.0,0.0,0.0,0.0,0.0,0.0,0.0,0.0,0.0,15032.0,0.0,0.0,0.0,2023,2023-01-01|Otros|Infraestructura,,
2023-01-01,Otros,12781,2023,España,Servicio mayorista,Circuitos alquilados mayoristas,Ingresos,,,,,,,,,,,,,,,,,,,,,,,,,,,,0.0,14.22,0.0,0.0,0.0,0.0,0.0,0.0,0.0,0.0,0.0,0.0,0.0,0.0,0.0,0.0,0.0,0.0,0.0,0.0,0.0,2023,2023-01-01|Otros|Circuitos alquilados mayoristas,0.03431798436142485,0.4435332104525439
2023-01-01,Otros,64402,10115,España,Servicio mayorista,Circuitos alquilados mayoristas,Ingresos,,,,,,,,,,,,,,,,,,,,,,,,,,,,0.0,255.2,0.0,338.0,0.0,0.0,0.0,0.0,0.0,0.0,0.0,0.0,0.0,0.0,0.0,0.0,0.0,0.0,0.0,0.0,0.0,2023,2023-01-01|Otros|Circuitos alquilados mayoristas,0.6158895646297905,0.4435332104525439
2023-01-01,Otros,12881,2023,España,Servicio mayorista,Transmisión de datos mayoristas,Ingresos,,,,,,,,,,,,,,,,,,,,,,,,,,,,0.0,5.51,0.0,0.0,0.0,0.0,0.0,0.0,0.0,0.0,0.0,0.0,0.0,0.0,0.0,0.0,0.0,0.0,0.0,0.0,0.0,2023,2023-01-01|Otros|Transmisión de datos mayoristas,0.0817507418397626,0.6552360679410753
2023-01-01,Otros,39132,6069,España,Servicio mayorista,Circuitos alquilados mayoristas,Ingresos,,,,,,,,,,,,,,,,,,,,,,,,,,,,0.0,59.84,0.0,0.0,0.0,0.0,0.0,0.0,0.0,0.0,0.0,0.0,0.0,0.0,0.0,0.0,0.0,0.0,0.0,0.0,0.0,2023,2023-01-01|Otros|Circuitos alquilados mayoristas,0.1444154841200888,0.4435332104525439
2023-01-01,Otros,12705,2023,España,,Infraestructura,Km de fibra oscura,,,,,,,,,,,,,,,,,,,,,,,,,,Pares de fibra,,0.0,0.0,0.0,0.0,0.0,0.0,0.0,0.0,0.0,0.0,0.0,0.0,0.0,0.0,0.0,0.0,0.0,124373.0,0.0,0.0,0.0,2023,2023-01-01|Otros|Infraestructura,,
2023-01-01,Otros,197889,30345,España,,Infraestructura,Nº de accesos  por tipo de acceso,,,,,,,,,FTTH,,,,,,,,,,,,,,,,,Instalados,,0.0,595.97,0.0,444147.0,0.0,0.0,20172171.0,0.0,0.0,10066.56,0.0,70.95,0.0,0.0,0.0,0.0,0.0,0.0,0.0,0.0,0.0,2023,2023-01-01|Otros|Infraestructura,,
2023-01-01,Otros,51953,8092,España,Servicio mayorista,Interconexión fija,Ingresos,,,,,,,,,,,,,,,,,,,,,,,,,,,,0.0,57.12,0.0,0.0,0.0,0.0,0.0,0.0,0.0,1500.3,0.0,0.0,0.0,0.0,0.0,0.0,0.0,0.0,0.0,0.0,0.0,2023,2023-01-01|Otros|Interconexión fija,0.8667678300455236,0.7690372823126042
2023-01-01,Otros,13178,2023,España,Servicio minorista,Comunicaciones de Empresa,Ingresos,,,,,,,,,,,,,Alquiler de circuitos,,,,,,,,,,,,,,,0.0,11.16,0.0,0.0,0.0,0.0,0.0,0.0,0.0,0.0,0.0,0.0,0.0,0.0,0.0,0.0,0.0,0.0,0.0,0.0,0.0,2023,2023-01-01|Otros|Comunicaciones de Empresa,0.36046511627906974,0.538939967550027
2023-01-01,Otros,470708,72828,España,,Infraestructura,Km de fibra oscura,,,,,,,,,,,,,,,,,,,,,,,,,,Pares de fibra,,0.0,2476.82,0.0,2738797.0,0.0,0.0,37420104.0,0.0,0.0,41669.94,0.0,1833.79,0.0,0.0,0.0,0.0,0.0,2183.12,0.0,0.0,0.0,2023,2023-01-01|Otros|Infraestructura,,
2023-01-01,Otros,51628,8092,España,Servicio mayorista,Transporte y difusión mayorista,Clientes,,,,,,,,,,,,,,,,,,,,Difusión,,,,,,,,0.0,9.67,0.0,15.0,0.0,0.0,0.0,0.0,0.0,0.0,0.0,0.0,0.0,0.0,0.0,0.0,0.0,0.0,0.0,0.0,0.0,2023,2023-01-01|Otros|Transporte y difusión mayorista,0.09212155854053539,0.35805356146839407
2023-01-01,Otros,12707,2023,España,,Infraestructura,Km de fibra oscura,,,,,,,,,,,,,,,,,,,,,,,,,,Pares de fibra,,0.0,0.0,0.0,0.0,0.0,0.0,0.0,0.0,0.0,0.0,0.0,0.0,0.0,0.0,0.0,0.0,0.0,846734.0,0.0,0.0,0.0,2023,2023-01-01|Otros|Infraestructura,,
2023-01-01,Mediaset España,12940,2023,España,Servicio minorista,Audiovisual minorista,Ingresos,Ingresos publicitarios,,,,,,,,,,,,,,,,Televisión,,,,,,,,,,,0.0,584.6,0.0,0.0,0.0,0.0,0.0,0.0,0.0,0.0,0.0,0.0,0.0,0.0,0.0,0.0,0.0,0.0,0.0,0.0,0.0,2023,2023-01-01|Mediaset España|Audiovisual minorista,0.4435541999559936,0.4455553462472291
2023-01-01,Movistar,611749,95081,España,,Infraestructura,Nº de accesos  por tipo de acceso,,,,,,,,,FTTH,,,,,,,,,,,,,,,,,Instalados,,0.0,7151.17,0.0,4896874.0,0.0,0.0,90292173.0,0.0,0.0,98468.54,0.0,6929.49,0.0,0.0,0.0,0.0,0.0,0.0,0.0,0.0,0.0,2023,2023-01-01|Movistar|Infraestructura,,
2023-01-01,Otros,146191,22253,España,Servicio minorista,Banda Ancha móvil,Ingresos,,,,,,,,,,,,,,,,,,,,,,,,,,,,0.0,223.42,0.0,0.0,0.0,0.0,3220975.0,0.0,0.0,4256.25,0.0,14.77,0.0,0.0,0.0,0.0,0.0,0.0,0.0,0.0,0.0,2023,2023-01-01|Otros|Banda Ancha móvil,1.0,1.0
2023-01-01,Orange,459941,70805,España,,Infraestructura,Nº de accesos  por tipo de acceso,,,,,,,,,FTTH,,,,,,,,,,,,,,,,,Instalados,,0.0,3842.33,0.0,3638619.0,0.0,0.0,53216385.0,0.0,0.0,81179.52,0.0,4668.58,0.0,0.0,0.0,0.0,0.0,0.0,0.0,0.0,0.0,2023,2023-01-01|Orange|Infraestructura,,
2023-01-01,Otros,25831,4046,España,Servicio mayorista,Transporte y difusión mayorista,Clientes,,,,,,,,,,,,,,,,,,,,Transporte,,,,,,,,0.0,56.73,0.0,285.0,0.0,0.0,0.0,0.0,0.0,0.0,0.0,0.0,0.0,0.0,0.0,0.0,0.0,0.0,0.0,0.0,0.0,2023,2023-01-01|Otros|Transporte y difusión mayorista,0.5404401257502143,0.35805356146839407
2023-01-01,Otros,12708,2023,España,,Infraestructura,Km de fibra oscura,,,,,,,,,,,,,,,,,,,,,,,,,,Pares de fibra,,0.0,0.0,0.0,0.0,0.0,0.0,0.0,0.0,0.0,0.0,0.0,0.0,0.0,0.0,0.0,0.0,0.0,940331.0,0.0,0.0,0.0,2023,2023-01-01|Otros|Infraestructura,,
2023-01-01,Otros,571440,89012,España,,Infraestructura,Km de fibra oscura,,,,,,,,,,,,,,,,,,,,,,,,,,Pares de fibra,,0.0,848.13,0.0,280269.0,0.0,0.0,15779883.0,0.0,0.0,10528.56,0.0,651.3,0.0,0.0,0.0,0.0,0.0,360409.5,0.0,0.0,0.0,2023,2023-01-01|Otros|Infraestructura,,
2023-01-01,Otros,51676,8092,España,Servicio mayorista,Transporte y difusión mayorista,Clientes,,,,,,,,,,,,,,,,,,,,Difusión,,,,,,,,0.0,3.29,0.0,4.0,0.0,0.0,0.0,0.0,0.0,0.0,0.0,0.0,0.0,0.0,0.0,0.0,0.0,0.0,0.0,0.0,0.0,2023,2023-01-01|Otros|Transporte y difusión mayorista,0.03134228827283986,0.35805356146839407
2023-01-01,Otros,25624,4046,España,Servicio mayorista,Interconexión fija,Ingresos,,,,,,,,,,,,,,,,,,,,,,,,,,,,0.0,8.78,0.0,0.0,0.0,0.0,0.0,0.0,0.0,220.02,0.0,0.0,0.0,0.0,0.0,0.0,0.0,0.0,0.0,0.0,0.0,2023,2023-01-01|Otros|Interconexión fija,0.13323216995447648,0.7690372823126042
2023-01-01,Otros,12890,2023,España,Servicio mayorista,Transmisión de datos mayoristas,Ingresos,,,,,,,,,,,,,,,,,,,,,,,,,,,,0.0,53.65,0.0,0.0,0.0,0.0,0.0,0.0,0.0,0.0,0.0,0.0,0.0,0.0,0.0,0.0,0.0,0.0,0.0,0.0,0.0,2023,2023-01-01|Otros|Transmisión de datos mayoristas,0.795994065281899,0.6552360679410753
2023-01-01,Otros,25841,4046,España,Servicio mayorista,Transporte y difusión mayorista,Clientes,,,,,,,,,,,,,,,,,,,,Transporte,,,,,,,,0.0,17.24,0.0,46.0,0.0,0.0,0.0,0.0,0.0,0.0,0.0,0.0,0.0,0.0,0.0,0.0,0.0,0.0,0.0,0.0,0.0,2023,2023-01-01|Otros|Transporte y difusión mayorista,0.1642374011622368,0.35805356146839407
2023-01-01,Otros,12986,2023,España,Servicio minorista,Audiovisual minorista,Ingresos,Ingresos publicitarios,,,,,,,,,,,,,,,,Televisión,,,,,,,,,,,0.0,40.56,0.0,0.0,0.0,0.0,0.0,0.0,0.0,0.0,0.0,0.0,0.0,0.0,0.0,0.0,0.0,0.0,0.0,0.0,0.0,2023,2023-01-01|Otros|Audiovisual minorista,0.030774133339403185,0.4455553462472291
2023-01-01,Otros,25682,4046,España,Servicio mayorista,Circuitos alquilados mayoristas,Ingresos,,,,,,,,,,,,,,,,,,,,,,,,,,,,0.0,85.1,0.0,0.0,0.0,0.0,0.0,0.0,0.0,0.0,0.0,0.0,0.0,0.0,0.0,0.0,0.0,0.0,0.0,0.0,0.0,2023,2023-01-01|Otros|Circuitos alquilados mayoristas,0.2053769668886958,0.4435332104525439
2023-01-01,Otros,12987,2023,España,Servicio minorista,Audiovisual minorista,Ingresos,Ingresos publicitarios,,,,,,,,,,,,,,,,Televisión,,,,,,,,,,,0.0,24.38,0.0,0.0,0.0,0.0,0.0,0.0,0.0,0.0,0.0,0.0,0.0,0.0,0.0,0.0,0.0,0.0,0.0,0.0,0.0,2023,2023-01-01|Otros|Audiovisual minorista,0.018497864171958815,0.4455553462472291
2023-01-01,Vodafone,498706,76874,España,,Infraestructura,Nº de accesos  por tipo de acceso,,,,,,,,,FTTH,,,,,,,,,,,,,,,,,Instalados,,0.0,3279.67,0.0,2608865.0,0.0,0.0,46008312.0,0.0,0.0,47190.34,0.0,3855.09,0.0,0.0,0.0,0.0,0.0,0.0,0.0,0.0,0.0,2023,2023-01-01|Vodafone|Infraestructura,,
2023-01-01,Otros,12710,2023,España,,Infraestructura,Km de fibra oscura,,,,,,,,,,,,,,,,,,,,,,,,,,Pares de fibra,,0.0,0.0,0.0,0.0,0.0,0.0,0.0,0.0,0.0,0.0,0.0,0.0,0.0,0.0,0.0,0.0,0.0,157239.32,0.0,0.0,0.0,2023,2023-01-01|Otros|Infraestructura,,
2023-01-01,Nan,5266703,817292,España,,Infraestructura,Nº de accesos  por tipo de acceso,,,,,,,,,FTTH,,,,,,,,,,,,,,,,,En servicio,,33757.83,13338.71,14608376.0,0.0,313791590.0,652.6,47681587.0,7464605.0,295080.05,0.0,18023.96,0.0,83097095.32,83097095.32,144557.0,4875142.0,7447158.0,0.0,2310.0,0.0,200623.0,2023,2023-01-01|Nan|Infraestructura,,
2024-01-01,Otros,13617,2024,España,Servicio minorista,Audiovisual minorista,Ingresos,Ingresos publicitarios,,,,,,,,,,,,,,,,Televisión,,,,,,,,,,,0.0,12.59,0.0,0.0,0.0,0.0,0.0,0.0,0.0,0.0,0.0,0.0,0.0,0.0,0.0,0.0,0.0,0.0,0.0,0.0,0.0,2024,2024-01-01|Otros|Audiovisual minorista,0.00942915774179536,0.44778933685170463
2024-01-01,Otros,13848,2024,España,Servicio minorista,Comunicaciones de Empresa,Ingresos,,,,,,,,,,,,,Transmisión de datos,,,,,,,,,,,,,,,0.0,18.34,0.0,0.0,0.0,0.0,0.0,0.0,0.0,0.0,0.0,0.0,0.0,0.0,0.0,0.0,0.0,0.0,0.0,0.0,0.0,2024,2024-01-01|Otros|Comunicaciones de Empresa,0.6139939738868431,0.5259892521650287
2024-01-01,Otros,13559,2024,España,Servicio mayorista,Transmisión de datos mayoristas,Ingresos,,,,,,,,,,,,,,,,,,,,,,,,,,,,0.0,9.21,0.0,0.0,0.0,0.0,0.0,0.0,0.0,0.0,0.0,0.0,0.0,0.0,0.0,0.0,0.0,0.0,0.0,0.0,0.0,2024,2024-01-01|Otros|Transmisión de datos mayoristas,0.14390625,0.620380419921875
2024-01-01,Otros,13618,2024,España,Servicio minorista,Audiovisual minorista,Ingresos,Ingresos publicitarios,,,,,,,,,,,,,,,,Televisión,,,,,,,,,,,0.0,676.82,0.0,0.0,0.0,0.0,0.0,0.0,0.0,0.0,0.0,0.0,0.0,0.0,0.0,0.0,0.0,0.0,0.0,0.0,0.0,2024,2024-01-01|Otros|Audiovisual minorista,0.5068977396983269,0.44778933685170463
2024-01-01,Otros,54328,8096,España,Servicio mayorista,Transporte y difusión mayorista,Clientes,,,,,,,,,,,,,,,,,,,,Difusión,,,,,,,,0.0,19.23,0.0,121.0,0.0,0.0,0.0,0.0,0.0,0.0,0.0,0.0,0.0,0.0,0.0,0.0,0.0,0.0,0.0,0.0,0.0,2024,2024-01-01|Otros|Transporte y difusión mayorista,0.1881420604637511,0.34033243462517204
2024-01-01,Otros,13382,2024,España,,Infraestructura,Km de fibra oscura,,,,,,,,,,,,,,,,,,,,,,,,,,Pares de fibra,,0.0,0.0,0.0,0.0,0.0,0.0,0.0,0.0,0.0,0.0,0.0,0.0,0.0,0.0,0.0,0.0,0.0,16474.0,0.0,0.0,0.0,2024,2024-01-01|Otros|Infraestructura,,
2024-01-01,Otros,13459,2024,España,Servicio mayorista,Circuitos alquilados mayoristas,Ingresos,,,,,,,,,,,,,,,,,,,,,,,,,,,,0.0,15.55,0.0,0.0,0.0,0.0,0.0,0.0,0.0,0.0,0.0,0.0,0.0,0.0,0.0,0.0,0.0,0.0,0.0,0.0,0.0,2024,2024-01-01|Otros|Circuitos alquilados mayoristas,0.037476200804955055,0.4473232573050687
2024-01-01,Otros,67796,10120,España,Servicio mayorista,Circuitos alquilados mayoristas,Ingresos,,,,,,,,,,,,,,,,,,,,,,,,,,,,0.0,257.62,0.0,327.0,0.0,0.0,0.0,0.0,0.0,0.0,0.0,0.0,0.0,0.0,0.0,0.0,0.0,0.0,0.0,0.0,0.0,2024,2024-01-01|Otros|Circuitos alquilados mayoristas,0.620875810377654,0.4473232573050687
2024-01-01,Otros,13560,2024,España,Servicio mayorista,Transmisión de datos mayoristas,Ingresos,,,,,,,,,,,,,,,,,,,,,,,,,,,,0.0,5.54,0.0,0.0,0.0,0.0,0.0,0.0,0.0,0.0,0.0,0.0,0.0,0.0,0.0,0.0,0.0,0.0,0.0,0.0,0.0,2024,2024-01-01|Otros|Transmisión de datos mayoristas,0.0865625,0.620380419921875
2024-01-01,Otros,41160,6072,España,Servicio mayorista,Circuitos alquilados mayoristas,Ingresos,,,,,,,,,,,,,,,,,,,,,,,,,,,,0.0,57.53,0.0,0.0,0.0,0.0,0.0,0.0,0.0,0.0,0.0,0.0,0.0,0.0,0.0,0.0,0.0,0.0,0.0,0.0,0.0,2024,2024-01-01|Otros|Circuitos alquilados mayoristas,0.13864989275299447,0.4473232573050687
2024-01-01,Otros,13383,2024,España,,Infraestructura,Km de fibra oscura,,,,,,,,,,,,,,,,,,,,,,,,,,Pares de fibra,,0.0,0.0,0.0,0.0,0.0,0.0,0.0,0.0,0.0,0.0,0.0,0.0,0.0,0.0,0.0,0.0,0.0,153501.0,0.0,0.0,0.0,2024,2024-01-01|Otros|Infraestructura,,
2024-01-01,Otros,208019,30360,España,,Infraestructura,Nº de accesos  por tipo de acceso,,,,,,,,,FTTH,,,,,,,,,,,,,,,,,Instalados,,0.0,738.65,0.0,619705.0,0.0,0.0,21634820.0,0.0,0.0,11799.9,0.0,71.55,0.0,0.0,0.0,0.0,0.0,0.0,0.0,0.0,0.0,2024,2024-01-01|Otros|Infraestructura,,
2024-01-01,Otros,54659,8096,España,Servicio mayorista,Interconexión fija,Ingresos,,,,,,,,,,,,,,,,,,,,,,,,,,,,0.0,51.14,0.0,0.0,0.0,0.0,0.0,0.0,0.0,1535.96,0.0,0.0,0.0,0.0,0.0,0.0,0.0,0.0,0.0,0.0,0.0,2024,2024-01-01|Otros|Interconexión fija,0.9282991468506081,0.8668803183859175
2024-01-01,Otros,13853,2024,España,Servicio minorista,Comunicaciones de Empresa,Ingresos,,,,,,,,,,,,,Alquiler de circuitos,,,,,,,,,,,,,,,0.0,11.53,0.0,0.0,0.0,0.0,0.0,0.0,0.0,0.0,0.0,0.0,0.0,0.0,0.0,0.0,0.0,0.0,0.0,0.0,0.0,2024,2024-01-01|Otros|Comunicaciones de Empresa,0.38600602611315704,0.5259892521650287
2024-01-01,Otros,509038,74888,España,,Infraestructura,Km de fibra oscura,,,,,,,,,,,,,,,,,,,,,,,,,,Pares de fibra,,0.0,2389.97,0.0,2714199.0,0.0,0.0,32319400.0,0.0,0.0,41926.5,0.0,1996.78,0.0,0.0,0.0,0.0,0.0,2184.83,0.0,0.0,0.0,2024,2024-01-01|Otros|Infraestructura,,
2024-01-01,Otros,54344,8096,España,Servicio mayorista,Transporte y difusión mayorista,Clientes,,,,,,,,,,,,,,,,,,,,Difusión,,,,,,,,0.0,9.91,0.0,16.0,0.0,0.0,0.0,0.0,0.0,0.0,0.0,0.0,0.0,0.0,0.0,0.0,0.0,0.0,0.0,0.0,0.0,2024,2024-01-01|Otros|Transporte y difusión mayorista,0.09695724488797573,0.34033243462517204
2024-01-01,Otros,13385,2024,España,,Infraestructura,Km de fibra oscura,,,,,,,,,,,,,,,,,,,,,,,,,,Pares de fibra,,0.0,0.0,0.0,0.0,0.0,0.0,0.0,0.0,0.0,0.0,0.0,0.0,0.0,0.0,0.0,0.0,0.0,1072982.0,0.0,0.0,0.0,2024,2024-01-01|Otros|Infraestructura,,
2024-01-01,Mediaset España,13619,2024,España,Servicio minorista,Audiovisual minorista,Ingresos,Ingresos publicitarios,,,,,,,,,,,,,,,,Televisión,,,,,,,,,,,0.0,581.29,0.0,0.0,0.0,0.0,0.0,0.0,0.0,0.0,0.0,0.0,0.0,0.0,0.0,0.0,0.0,0.0,0.0,0.0,0.0,2024,2024-01-01|Mediaset España|Audiovisual minorista,0.4353514776591123,0.44778933685170463
2024-01-01,Movistar,643545,95128,España,,Infraestructura,Nº de accesos  por tipo de acceso,,,,,,,,,FTTH,,,,,,,,,,,,,,,,,Instalados,,0.0,7026.52,0.0,4845250.0,0.0,0.0,92090009.0,0.0,0.0,94432.45,0.0,7246.62,0.0,0.0,0.0,0.0,0.0,0.0,0.0,0.0,0.0,2024,2024-01-01|Movistar|Infraestructura,,
2024-01-01,Otros,125563,18216,España,Servicio minorista,Banda Ancha móvil,Ingresos,,,,,,,,,,,,,,,,,,,,,,,,,,,,0.0,251.16,0.0,0.0,0.0,0.0,5507449.0,0.0,0.0,3813.62,0.0,110.18,0.0,0.0,0.0,0.0,0.0,0.0,0.0,0.0,0.0,2024,2024-01-01|Otros|Banda Ancha móvil,1.0,1.0
2024-01-01,Orange,469806,68816,España,,Infraestructura,Nº de accesos  por tipo de acceso,,,,,,,,,FTTH,,,,,,,,,,,,,,,,,Instalados,,0.0,3816.92,0.0,3353589.0,0.0,0.0,52511337.0,0.0,0.0,78678.09999999999,0.0,5008.07,0.0,0.0,0.0,0.0,0.0,0.0,0.0,0.0,0.0,2024,2024-01-01|Orange|Infraestructura,,
2024-01-01,Otros,27189,4048,España,Servicio mayorista,Transporte y difusión mayorista,Clientes,,,,,,,,,,,,,,,,,,,,Transporte,,,,,,,,0.0,52.84,0.0,287.0,0.0,0.0,0.0,0.0,0.0,0.0,0.0,0.0,0.0,0.0,0.0,0.0,0.0,0.0,0.0,0.0,0.0,2024,2024-01-01|Otros|Transporte y difusión mayorista,0.5169748556892672,0.34033243462517204
2024-01-01,Otros,13386,2024,España,,Infraestructura,Km de fibra oscura,,,,,,,,,,,,,,,,,,,,,,,,,,Pares de fibra,,0.0,0.0,0.0,0.0,0.0,0.0,0.0,0.0,0.0,0.0,0.0,0.0,0.0,0.0,0.0,0.0,0.0,1034209.0,0.0,0.0,0.0,2024,2024-01-01|Otros|Infraestructura,,
2024-01-01,Otros,601210,89056,España,,Infraestructura,Km de fibra oscura,,,,,,,,,,,,,,,,,,,,,,,,,,Pares de fibra,,0.0,1027.97,0.0,435890.0,0.0,0.0,26810244.0,0.0,0.0,13365.83,0.0,874.6,0.0,0.0,0.0,0.0,0.0,541218.2,0.0,0.0,0.0,2024,2024-01-01|Otros|Infraestructura,,
2024-01-01,Otros,54392,8096,España,Servicio mayorista,Transporte y difusión mayorista,Clientes,,,,,,,,,,,,,,,,,,,,Difusión,,,,,,,,0.0,3.38,0.0,4.0,0.0,0.0,0.0,0.0,0.0,0.0,0.0,0.0,0.0,0.0,0.0,0.0,0.0,0.0,0.0,0.0,0.0,2024,2024-01-01|Otros|Transporte y difusión mayorista,0.03306917131396145,0.34033243462517204
2024-01-01,Otros,26980,4048,España,Servicio mayorista,Interconexión fija,Ingresos,,,,,,,,,,,,,,,,,,,,,,,,,,,,0.0,3.95,0.0,0.0,0.0,0.0,0.0,0.0,0.0,141.99,0.0,0.0,0.0,0.0,0.0,0.0,0.0,0.0,0.0,0.0,0.0,2024,2024-01-01|Otros|Interconexión fija,0.0717008531493919,0.8668803183859175
2024-01-01,Otros,13569,2024,España,Servicio mayorista,Transmisión de datos mayoristas,Ingresos,,,,,,,,,,,,,,,,,,,,,,,,,,,,0.0,49.25,0.0,0.0,0.0,0.0,0.0,0.0,0.0,0.0,0.0,0.0,0.0,0.0,0.0,0.0,0.0,0.0,0.0,0.0,0.0,2024,2024-01-01|Otros|Transmisión de datos mayoristas,0.76953125,0.620380419921875
2024-01-01,Otros,27199,4048,España,Servicio mayorista,Transporte y difusión mayorista,Clientes,,,,,,,,,,,,,,,,,,,,Transporte,,,,,,,,0.0,16.85,0.0,43.0,0.0,0.0,0.0,0.0,0.0,0.0,0.0,0.0,0.0,0.0,0.0,0.0,0.0,0.0,0.0,0.0,0.0,2024,2024-01-01|Otros|Transporte y difusión mayorista,0.16485666764504453,0.34033243462517204
2024-01-01,Otros,13662,2024,España,Servicio minorista,Audiovisual minorista,Ingresos,Ingresos publicitarios,,,,,,,,,,,,,,,,Televisión,,,,,,,,,,,0.0,39.37,0.0,0.0,0.0,0.0,0.0,0.0,0.0,0.0,0.0,0.0,0.0,0.0,0.0,0.0,0.0,0.0,0.0,0.0,0.0,2024,2024-01-01|Otros|Audiovisual minorista,0.029485777624661102,0.44778933685170463
2024-01-01,Otros,27039,4048,España,Servicio mayorista,Circuitos alquilados mayoristas,Ingresos,,,,,,,,,,,,,,,,,,,,,,,,,,,,0.0,84.23,0.0,0.0,0.0,0.0,0.0,0.0,0.0,0.0,0.0,0.0,0.0,0.0,0.0,0.0,0.0,0.0,0.0,0.0,0.0,2024,2024-01-01|Otros|Circuitos alquilados mayoristas,0.20299809606439642,0.4473232573050687
2024-01-01,Otros,13663,2024,España,Servicio minorista,Audiovisual minorista,Ingresos,Ingresos publicitarios,,,,,,,,,,,,,,,,Televisión,,,,,,,,,,,0.0,25.15,0.0,0.0,0.0,0.0,0.0,0.0,0.0,0.0,0.0,0.0,0.0,0.0,0.0,0.0,0.0,0.0,0.0,0.0,0.0,2024,2024-01-01|Otros|Audiovisual minorista,0.018835847276104312,0.44778933685170463
2024-01-01,Vodafone,524383,76912,España,,Infraestructura,Nº de accesos  por tipo de acceso,,,,,,,,,FTTH,,,,,,,,,,,,,,,,,Instalados,,0.0,3065.05,0.0,2467638.0,0.0,0.0,42667945.0,0.0,0.0,46915.64,0.0,3886.46,0.0,0.0,0.0,0.0,0.0,0.0,0.0,0.0,0.0,2024,2024-01-01|Vodafone|Infraestructura,,
2024-01-01,Otros,13388,2024,España,,Infraestructura,Km de fibra oscura,,,,,,,,,,,,,,,,,,,,,,,,,,Pares de fibra,,0.0,0.0,0.0,0.0,0.0,0.0,0.0,0.0,0.0,0.0,0.0,0.0,0.0,0.0,0.0,0.0,0.0,159492.0,0.0,0.0,0.0,2024,2024-01-01|Otros|Infraestructura,,
2024-01-01,Nan,5512668,813648,España,,Infraestructura,Nº de accesos  por tipo de acceso,,,,,,,,,FTTH,,,,,,,,,,,,,,,,,En servicio,,34057.38,13739.79,14437069.0,0.0,326963792.0,672.3,53422588.0,7142200.0,292610.0,0.0,19194.27,0.0,95155264.09,95155264.09,138250.0,5260339.0,7463380.0,0.0,1958.0,0.0,194443.0,2024,2024-01-01|Nan|Infraestructura,,
