trimestre,anno,operador,valor,tri_ingresos_total_trimestre,tri_cuota_ingresos_trimestre,num_trim,inf_bam_lineas,inf_bam_trafico_datos,inf_estaciones_base,inf_nodos_radio,men_portab_moviles,men_baf_lineas_media,an_gen_ingresos_minorista,an_gen_empleados,an_gen_inversiones,an_merc_baf_lineas,an_merc_mov_lineas,an_merc_bam_lineas,an_merc_mov_clientes,prov_baf_lineas_total,prov_baf_pen_media,prov_baf_pen_std,valor_lag1,valor_lag4,arpu_mov_anual,trafico_datos_por_linea_bam
2010T1,2010,Digi,4.44,8025.99,0.0005532027824604815,1,3419778.0,138851.88,0.0,0.0,442.0,539.0,26.28,34.0,0.16,7997.0,186174.0,4335.0,0.0,0.0,0.0,0.0,4.44,4.44,0.0,0.040602600519682855
2010T2,2010,Digi,6.24,8244.29,0.0007568874942535985,2,3419778.0,138851.88,0.0,0.0,2048.0,539.0,26.28,34.0,0.16,7997.0,186174.0,4335.0,0.0,0.0,0.0,0.0,4.44,4.44,0.0,0.040602600519682855
2010T3,2010,Digi,6.75,8061.93,0.0008372684952610603,3,3419778.0,138851.88,0.0,0.0,906.0,539.0,26.28,34.0,0.16,7997.0,186174.0,4335.0,0.0,0.0,0.0,0.0,6.24,4.44,0.0,0.040602600519682855
2010T4,2010,Digi,8.75,8281.970000000001,0.0010565119168507008,4,3419778.0,138851.88,0.0,0.0,1432.0,539.0,26.28,34.0,0.16,7997.0,186174.0,4335.0,0.0,0.0,0.0,0.0,6.75,4.44,0.0,0.040602600519682855
2011T1,2011,Digi,9.53,7842.34,0.001215198524930059,1,3419778.0,138851.88,0.0,0.0,1783.0,539.0,44.37,52.0,0.07,7997.0,263339.0,4335.0,0.0,0.0,0.0,0.0,8.75,4.44,0.0,0.040602600519682855
2011T2,2011,Digi,11.7,7893.9,0.0014821571086535172,2,3419778.0,138851.88,0.0,0.0,1962.0,539.0,44.37,52.0,0.07,7997.0,263339.0,4335.0,0.0,0.0,0.0,0.0,9.53,6.24,0.0,0.040602600519682855
2011T3,2011,Digi,11.43,7678.09,0.0014886514745203559,3,3419778.0,138851.88,0.0,0.0,1633.0,539.0,44.37,52.0,0.07,7997.0,263339.0,4335.0,0.0,0.0,0.0,0.0,11.7,6.75,0.0,0.040602600519682855
2011T4,2011,Digi,11.66,7857.62,0.001483909886199638,4,3419778.0,138851.88,0.0,0.0,1468.0,539.0,44.37,52.0,0.07,7997.0,263339.0,4335.0,0.0,0.0,0.0,0.0,11.43,8.75,0.0,0.040602600519682855
2012T1,2012,Digi,10.79,7294.14,0.0014792696603026538,1,3419778.0,138851.88,0.0,0.0,2529.0,539.0,45.21,60.0,0.35,7997.0,291757.0,48496.0,0.0,0.0,0.0,0.0,11.66,9.53,0.0,0.040602600519682855
2012T2,2012,Digi,11.89,7156.88,0.001661338460334671,2,3419778.0,138851.88,0.0,0.0,3209.0,539.0,45.21,60.0,0.35,7997.0,291757.0,48496.0,0.0,0.0,0.0,0.0,10.79,11.7,0.0,0.040602600519682855
2012T3,2012,Digi,11.14,6903.05,0.001613779416344949,3,3419778.0,138851.88,0.0,0.0,3754.0,539.0,45.21,60.0,0.35,7997.0,291757.0,48496.0,0.0,0.0,0.0,0.0,11.89,11.43,0.0,0.040602600519682855
2012T4,2012,Digi,11.39,7082.76,0.0016081301639473877,4,3419778.0,138851.88,0.0,0.0,5026.0,539.0,45.21,60.0,0.35,7997.0,291757.0,48496.0,0.0,0.0,0.0,0.0,11.14,11.66,0.0,0.040602600519682855
2013T1,2013,Digi,10.32,6534.01,0.0015794282530941948,1,3419778.0,138851.88,0.0,0.0,6240.0,539.0,43.2,71.0,0.02,7997.0,379507.0,134781.0,0.0,0.0,0.0,0.0,11.39,10.79,0.0,0.040602600519682855
2013T2,2013,Digi,10.99,6664.99,0.001648914702047565,2,3419778.0,138851.88,0.0,0.0,7126.0,539.0,43.2,71.0,0.02,7997.0,379507.0,134781.0,0.0,0.0,0.0,0.0,10.32,11.89,0.0,0.040602600519682855
2013T3,2013,Digi,10.74,6451.23,0.0016647988058091248,3,3419778.0,138851.88,0.0,0.0,11022.0,539.0,43.2,71.0,0.02,7997.0,379507.0,134781.0,0.0,0.0,0.0,0.0,10.99,11.14,0.0,0.040602600519682855
2013T4,2013,Digi,11.24,6742.71,0.0016669855295571069,4,3419778.0,138851.88,0.0,0.0,15063.0,539.0,43.2,71.0,0.02,7997.0,379507.0,134781.0,0.0,0.0,0.0,0.0,10.74,11.39,0.0,0.040602600519682855
2014T1,2014,Digi,10.94,6190.26,0.0017672924885222914,1,3419778.0,138851.88,0.0,0.0,17042.0,539.0,48.41,83.0,0.16,7997.0,542494.0,235239.0,0.0,0.0,0.0,0.0,11.24,10.32,0.0,0.040602600519682855
2014T2,2014,Digi,11.4,6162.58,0.0018498745655228818,2,3419778.0,138851.88,0.0,0.0,19233.0,539.0,48.41,83.0,0.16,7997.0,542494.0,235239.0,0.0,0.0,0.0,0.0,10.94,10.99,0.0,0.040602600519682855
2014T3,2014,Digi,12.51,5944.42,0.0021044946353050422,3,3419778.0,138851.88,0.0,0.0,17556.0,539.0,48.41,83.0,0.16,7997.0,542494.0,235239.0,0.0,0.0,0.0,0.0,11.4,10.74,0.0,0.040602600519682855
2014T4,2014,Digi,13.66,6359.17,0.0021480790732123847,4,3419778.0,138851.88,0.0,0.0,19031.0,539.0,48.41,83.0,0.16,7997.0,542494.0,235239.0,0.0,0.0,0.0,0.0,12.51,11.24,0.0,0.040602600519682855
2015T1,2015,Digi,14.13,5959.72,0.0023709167544783984,1,3419778.0,138851.88,0.0,0.0,18425.0,539.0,65.46,102.0,0.22,7997.0,634117.0,304779.0,0.0,0.0,0.0,0.0,13.66,10.94,0.0,0.040602600519682855
2015T2,2015,Digi,16.18,6123.11,0.0026424480370269357,2,3419778.0,138851.88,0.0,0.0,15469.0,539.0,65.46,102.0,0.22,7997.0,634117.0,304779.0,0.0,0.0,0.0,0.0,14.13,11.4,0.0,0.040602600519682855
2015T3,2015,Digi,16.98,6006.46,0.002826956310372499,3,3419778.0,138851.88,0.0,0.0,14908.0,539.0,65.46,102.0,0.22,7997.0,634117.0,304779.0,0.0,0.0,0.0,0.0,16.18,12.51,0.0,0.040602600519682855
2015T4,2015,Digi,17.67,6229.639999999999,0.0028364399869013302,4,3419778.0,138851.88,0.0,0.0,15551.0,539.0,65.46,102.0,0.22,7997.0,634117.0,304779.0,0.0,0.0,0.0,0.0,16.98,13.66,0.0,0.040602600519682855
2016T1,2016,Digi,17.77,5935.200000000001,0.002994001887046771,1,3419778.0,138851.88,0.0,0.0,16124.0,539.0,72.81,123.0,0.7,7997.0,670166.0,332224.0,0.0,0.0,0.0,0.0,17.67,14.13,0.0,0.040602600519682855
2016T2,2016,Digi,18.69,6136.7,0.003045610833183959,2,3419778.0,138851.88,0.0,0.0,15648.0,539.0,72.81,123.0,0.7,7997.0,670166.0,332224.0,0.0,0.0,0.0,0.0,17.77,16.18,0.0,0.040602600519682855
2016T3,2016,Digi,18.28,6036.61,0.0030281896627411746,3,3419778.0,138851.88,0.0,0.0,14838.0,539.0,72.81,123.0,0.7,7997.0,670166.0,332224.0,0.0,0.0,0.0,0.0,18.69,16.98,0.0,0.040602600519682855
2016T4,2016,Digi,18.08,6352.95,0.0028459219732565183,4,3419778.0,138851.88,0.0,0.0,16993.0,539.0,72.81,123.0,0.7,7997.0,670166.0,332224.0,0.0,0.0,0.0,0.0,18.28,17.67,0.0,0.040602600519682855
2017T1,2017,Digi,18.08,6043.02,0.002991881542672372,1,3419778.0,138851.88,0.0,0.0,18786.0,539.0,78.39,189.0,0.3,7997.0,991507.0,819931.0,0.0,0.0,0.0,0.0,18.08,17.77,0.0,0.040602600519682855
2017T2,2017,Digi,18.49,6240.780000000001,0.0029627706793061118,2,3419778.0,138851.88,0.0,0.0,56857.0,539.0,78.39,189.0,0.3,7997.0,991507.0,819931.0,0.0,0.0,0.0,0.0,18.08,18.69,0.0,0.040602600519682855
2017T3,2017,Digi,19.86,6160.889999999999,0.003223560232369025,3,3419778.0,138851.88,0.0,0.0,59752.0,539.0,78.39,189.0,0.3,7997.0,991507.0,819931.0,0.0,0.0,0.0,0.0,18.49,18.28,0.0,0.040602600519682855
2017T4,2017,Digi,21.95,6460.870000000001,0.0033973752760851086,4,3419778.0,138851.88,0.0,0.0,62112.0,539.0,78.39,189.0,0.3,7997.0,991507.0,819931.0,0.0,0.0,0.0,0.0,19.86,18.08,0.0,0.040602600519682855
2018T1,2018,Digi,23.49,6126.73,0.0038340191260264446,1,3419778.0,138851.88,0.0,0.0,67477.0,539.0,111.97,394.0,7.25,7997.0,1467385.0,1259832.0,0.0,0.0,0.0,0.0,21.95,18.08,0.0,0.040602600519682855
2018T2,2018,Digi,26.59,6322.700000000001,0.004205481835291884,2,3419778.0,138851.88,0.0,0.0,89699.0,539.0,111.97,394.0,7.25,7997.0,1467385.0,1259832.0,0.0,0.0,0.0,0.0,23.49,18.49,0.0,0.040602600519682855
2018T3,2018,Digi,29.43,6066.049999999999,0.00485159205743441,3,3419778.0,138851.88,0.0,0.0,87525.0,539.0,111.97,394.0,7.25,7997.0,1467385.0,1259832.0,0.0,0.0,0.0,0.0,26.59,19.86,0.0,0.040602600519682855
2018T4,2018,Digi,32.46,6406.96,0.00506636532770612,4,3419778.0,138851.88,0.0,0.0,105735.0,5500.666666666667,111.97,394.0,7.25,7997.0,1467385.0,1259832.0,0.0,0.0,0.0,0.0,29.43,21.95,0.0,0.040602600519682855
2019T1,2019,Digi,35.92,6156.68,0.005834313298725937,1,3419778.0,138851.88,0.0,0.0,115263.0,15287.333333333334,173.17,827.0,38.05,81072.0,2023269.0,1836367.0,0.0,0.0,0.0,0.0,32.46,23.49,0.0,0.040602600519682855
2019T2,2019,Digi,41.31,6207.2699999999995,0.006655099584841646,2,3419778.0,138851.88,0.0,0.0,109599.0,28822.333333333332,173.17,827.0,38.05,81072.0,2023269.0,1836367.0,0.0,0.0,0.0,0.0,35.92,26.59,0.0,0.040602600519682855
2019T3,2019,Digi,46.06,6000.469999999999,0.007676065374878969,3,3419778.0,138851.88,0.0,0.0,112112.0,43709.0,173.17,827.0,38.05,81072.0,2023269.0,1836367.0,0.0,0.0,0.0,0.0,41.31,29.43,0.0,0.040602600519682855
2019T4,2019,Digi,49.88,6377.77,0.00782091546104673,4,3419778.0,138851.88,0.0,0.0,148349.0,71017.66666666667,173.17,827.0,38.05,81072.0,2023269.0,1836367.0,0.0,0.0,0.0,0.0,46.06,32.46,0.0,0.040602600519682855
2020T1,2020,Digi,55.73,5875.04,0.009485892862006046,1,3419778.0,138851.88,0.0,0.0,137469.0,103660.33333333333,241.83,1687.0,68.02,204669.0,2470833.0,2280806.0,0.0,0.0,0.0,0.0,49.88,35.92,0.0,0.040602600519682855
2020T2,2020,Digi,57.52,5506.59,0.010445666011088532,2,3419778.0,138851.88,0.0,0.0,86843.0,125071.0,241.83,1687.0,68.02,204669.0,2470833.0,2280806.0,0.0,0.0,0.0,0.0,55.73,41.31,0.0,0.040602600519682855
2020T3,2020,Digi,63.21,5745.799999999999,0.01100107904904452,3,3419778.0,138851.88,0.0,0.0,148990.0,156916.0,241.83,1687.0,68.02,204669.0,2470833.0,2280806.0,0.0,0.0,0.0,0.0,57.52,46.06,0.0,0.040602600519682855
2020T4,2020,Digi,65.21,6027.1,0.010819465414544307,4,3419778.0,138851.88,0.0,0.0,172568.0,193547.33333333334,241.83,1687.0,68.02,204669.0,2470833.0,2280806.0,0.0,0.0,0.0,0.0,63.21,49.88,0.0,0.040602600519682855
2021T1,2021,Digi,68.95,5620.51,0.012267570024784227,1,3419778.0,138851.88,0.0,0.0,180504.0,230501.66666666666,322.73,3322.0,154.47,472277.0,3163677.0,2968917.0,0.0,0.0,0.0,0.0,65.21,55.73,0.0,0.040602600519682855
2021T2,2021,Digi,75.49,5711.33,0.013217586796770629,2,3419778.0,138851.88,0.0,0.0,203540.0,289490.0,322.73,3322.0,154.47,472277.0,3163677.0,2968917.0,0.0,0.0,0.0,0.0,68.95,57.52,0.0,0.040602600519682855
2021T3,2021,Digi,84.87,5549.75,0.015292580746880492,3,3419778.0,138851.88,0.0,0.0,221438.0,359472.6666666667,322.73,3322.0,154.47,472277.0,3163677.0,2968917.0,0.0,0.0,0.0,0.0,75.49,63.21,0.0,0.040602600519682855
2021T4,2021,Digi,93.41,6100.32,0.015312311485299133,4,3419778.0,138851.88,0.0,0.0,250761.0,448347.6666666667,322.73,3322.0,154.47,472277.0,3163677.0,2968917.0,0.0,0.0,0.0,0.0,84.87,65.21,0.0,0.040602600519682855
2022T1,2022,Digi,99.68,5699.9,0.017488026105721154,1,3419778.0,138851.88,0.0,0.0,259813.0,531304.6666666666,449.01,5092.0,231.88,835150.0,4049794.0,3910468.0,0.0,0.0,0.0,0.0,93.41,68.95,0.0,0.040602600519682855
2022T2,2022,Digi,107.08,5673.99,0.018872081198592173,2,3419778.0,138851.88,0.0,0.0,260254.0,621402.0,449.01,5092.0,231.88,835150.0,4049794.0,3910468.0,0.0,0.0,0.0,0.0,99.68,75.49,0.0,0.040602600519682855
2022T3,2022,Digi,115.98,5535.74,0.020951128485080586,3,3419778.0,138851.88,0.0,0.0,267106.0,698663.3333333334,449.01,5092.0,231.88,835150.0,4049794.0,3910468.0,0.0,0.0,0.0,0.0,107.08,84.87,0.0,0.040602600519682855
2022T4,2022,Digi,125.31,6069.53,0.0206457501651693,4,3576657.0,149614.73,0.0,0.0,277063.0,805232.3333333334,449.01,5092.0,231.88,835150.0,4049794.0,3910468.0,0.0,0.0,0.0,0.0,115.98,93.41,0.0,0.04183088565663412
2023T1,2023,Digi,132.8,5624.21,0.023612205091915132,1,3848246.0,175778.86,0.0,0.0,323220.0,917021.0,595.97,7699.0,304.25,1373738.0,4914512.0,4749087.0,0.0,0.0,0.0,0.0,125.31,99.68,0.0,0.04567765678181696
2023T2,2023,Digi,145.04,5646.11,0.025688482866965043,2,4132216.0,197906.82,0.0,0.0,329941.0,1057210.6666666667,595.97,7699.0,304.25,1373738.0,4914512.0,4749087.0,0.0,0.0,0.0,0.0,132.8,107.08,0.0,0.047893628987448866
2023T3,2023,Digi,155.19,5557.14,0.027926235437653178,3,4257018.0,188205.81,0.0,0.0,317415.0,1182620.3333333333,595.97,7699.0,304.25,1373738.0,4914512.0,4749087.0,0.0,0.0,0.0,0.0,145.04,115.98,0.0,0.04421071510620815
2023T4,2023,Digi,163.24,6014.7300000000005,0.027140037873686764,4,4336114.0,194227.87,0.0,0.0,337357.0,1334499.3333333333,595.97,7699.0,304.25,1373738.0,4914512.0,4749087.0,0.0,0.0,0.0,0.0,155.19,125.31,0.0,0.04479307278360301
2024T1,2024,Digi,167.88,5658.139999999999,0.029670527770610133,1,4559867.0,196547.11,0.0,0.0,393989.0,1471491.0,738.66,9386.0,326.97,1948096.0,6039844.0,5927576.0,0.0,0.0,0.0,0.0,163.24,132.8,0.0,0.043103693594571946
2024T2,2024,Digi,180.99,5563.58,0.03253121191750635,2,5132966.0,253014.95,0.0,0.0,381891.0,1615314.3333333333,738.66,9386.0,326.97,1948096.0,6039844.0,5927576.0,0.0,0.0,0.0,0.0,167.88,145.04,0.0,0.049292153893090274
2024T3,2024,Digi,192.11,5516.96,0.03482171340738378,3,5647414.0,285970.55,0.0,0.0,355487.0,1748379.6666666667,738.66,9386.0,326.97,1948096.0,6039844.0,5927576.0,0.0,0.0,0.0,0.0,180.99,155.19,0.0,0.05063743334559853
2024T4,2024,Digi,196.17,5882.75,0.03334664910118567,4,5982860.0,299416.95,0.0,0.0,426172.0,1904439.6666666667,738.66,9386.0,326.97,1948096.0,6039844.0,5927576.0,0.0,0.0,0.0,0.0,192.11,163.24,0.0,0.050045789137636514
2025T1,2025,Digi,203.73,5809.17,0.035070414534262205,1,6348772.0,330211.70999999996,0.0,0.0,457776.0,2053117.6666666667,738.66,9386.0,326.97,1948096.0,6039844.0,5927576.0,0.0,0.0,0.0,0.0,196.17,167.88,0.0,0.05201190245924723
2009T2,2009,Grupo MASMOVIL,2.39,8436.57,0.00028329048416595847,2,11265798.0,308989.15,10791.0,98.0,412115.0,54170.166666666664,9.48,27.0,0.84,77994.0,105854.0,13080.0,0.0,503102.0,0.48846153846153845,0.2648713526559721,2.39,2.39,0.0,0.027427187137564514
2009T3,2009,Grupo MASMOVIL,2.47,8156.73,0.00030281742806247114,3,11265798.0,308989.15,10791.0,98.0,412115.0,54170.166666666664,9.48,27.0,0.84,77994.0,105854.0,13080.0,0.0,503102.0,0.48846153846153845,0.2648713526559721,2.39,2.39,0.0,0.027427187137564514
2009T4,2009,Grupo MASMOVIL,2.4,8748.79,0.00027432364932750695,4,11265798.0,308989.15,10791.0,98.0,412115.0,54170.166666666664,9.48,27.0,0.84,77994.0,105854.0,13080.0,0.0,503102.0,0.48846153846153845,0.2648713526559721,2.47,2.39,0.0,0.027427187137564514
2010T1,2010,Grupo MASMOVIL,2.38,8025.99,0.00029653662663422207,1,11265798.0,308989.15,10791.0,98.0,412115.0,54170.166666666664,11.14,31.0,2.12,77994.0,93707.0,13080.0,0.0,503102.0,0.48846153846153845,0.2648713526559721,2.4,2.39,0.0,0.027427187137564514
2010T2,2010,Grupo MASMOVIL,2.67,8244.29,0.00032386051436812625,2,11265798.0,308989.15,10791.0,98.0,412115.0,54170.166666666664,11.14,31.0,2.12,77994.0,93707.0,13080.0,0.0,503102.0,0.48846153846153845,0.2648713526559721,2.38,2.39,0.0,0.027427187137564514
2010T3,2010,Grupo MASMOVIL,2.89,8061.93,0.00035847495574880953,3,11265798.0,308989.15,10791.0,98.0,412115.0,54170.166666666664,11.14,31.0,2.12,77994.0,93707.0,13080.0,0.0,503102.0,0.48846153846153845,0.2648713526559721,2.67,2.47,0.0,0.027427187137564514
2010T4,2010,Grupo MASMOVIL,3.05,8281.970000000001,0.0003682698681593871,4,11265798.0,308989.15,10791.0,98.0,412115.0,54170.166666666664,11.14,31.0,2.12,77994.0,93707.0,13080.0,0.0,503102.0,0.48846153846153845,0.2648713526559721,2.89,2.4,0.0,0.027427187137564514
2011T1,2011,Grupo MASMOVIL,3.09,7842.34,0.0003940150516299982,1,11265798.0,308989.15,10791.0,98.0,412115.0,54170.166666666664,13.36,39.0,2.44,77994.0,102086.0,13375.0,0.0,503102.0,0.48846153846153845,0.2648713526559721,3.05,2.38,0.0,0.027427187137564514
2011T2,2011,Grupo MASMOVIL,3.28,7893.9,0.00041551071080201166,2,11265798.0,308989.15,10791.0,98.0,412115.0,54170.166666666664,13.36,39.0,2.44,77994.0,102086.0,13375.0,0.0,503102.0,0.48846153846153845,0.2648713526559721,3.09,2.67,0.0,0.027427187137564514
2011T3,2011,Grupo MASMOVIL,3.4,7678.09,0.0004428184613621356,3,11265798.0,308989.15,10791.0,98.0,412115.0,54170.166666666664,13.36,39.0,2.44,77994.0,102086.0,13375.0,0.0,503102.0,0.48846153846153845,0.2648713526559721,3.28,2.89,0.0,0.027427187137564514
2011T4,2011,Grupo MASMOVIL,3.5,7857.62,0.0004454274958575243,4,11265798.0,308989.15,10791.0,98.0,412115.0,54170.166666666664,13.36,39.0,2.44,77994.0,102086.0,13375.0,0.0,503102.0,0.48846153846153845,0.2648713526559721,3.4,3.05,0.0,0.027427187137564514
2012T1,2012,Grupo MASMOVIL,3.53,7294.14,0.0004839501298302472,1,11265798.0,308989.15,10791.0,98.0,412115.0,54170.166666666664,14.94,50.0,1.69,77994.0,109590.0,67829.0,0.0,503102.0,0.48846153846153845,0.2648713526559721,3.5,3.09,0.0,0.027427187137564514
2012T2,2012,Grupo MASMOVIL,3.53,7156.88,0.0004932316875509999,2,11265798.0,308989.15,10791.0,98.0,412115.0,54170.166666666664,14.94,50.0,1.69,77994.0,109590.0,67829.0,0.0,503102.0,0.48846153846153845,0.2648713526559721,3.53,3.28,0.0,0.027427187137564514
2012T3,2012,Grupo MASMOVIL,3.74,6903.05,0.0005417894988447136,3,11265798.0,308989.15,10791.0,98.0,412115.0,54170.166666666664,14.94,50.0,1.69,77994.0,109590.0,67829.0,0.0,503102.0,0.48846153846153845,0.2648713526559721,3.53,3.4,0.0,0.027427187137564514
2012T4,2012,Grupo MASMOVIL,3.91,7082.76,0.0005520446831461181,4,11265798.0,308989.15,10791.0,98.0,412115.0,54170.166666666664,14.94,50.0,1.69,77994.0,109590.0,67829.0,0.0,503102.0,0.48846153846153845,0.2648713526559721,3.74,3.5,0.0,0.027427187137564514
2013T1,2013,Grupo MASMOVIL,4.17,6534.01,0.0006381992069188753,1,11265798.0,308989.15,10791.0,98.0,412115.0,54170.166666666664,17.02,38.0,1.44,77994.0,125659.0,70525.0,0.0,503102.0,0.48846153846153845,0.2648713526559721,3.91,3.53,0.0,0.027427187137564514
2013T2,2013,Grupo MASMOVIL,4.09,6664.99,0.0006136543340650173,2,11265798.0,308989.15,10791.0,98.0,412115.0,54170.166666666664,17.02,38.0,1.44,77994.0,125659.0,70525.0,0.0,503102.0,0.48846153846153845,0.2648713526559721,4.17,3.53,0.0,0.027427187137564514
2013T3,2013,Grupo MASMOVIL,4.36,6451.23,0.0006758401111105945,3,11265798.0,308989.15,10791.0,98.0,412115.0,54170.166666666664,17.02,38.0,1.44,77994.0,125659.0,70525.0,0.0,503102.0,0.48846153846153845,0.2648713526559721,4.09,3.74,0.0,0.027427187137564514
2013T4,2013,Grupo MASMOVIL,4.31,6742.71,0.0006392088640917376,4,11265798.0,308989.15,10791.0,98.0,412115.0,54170.166666666664,17.02,38.0,1.44,77994.0,125659.0,70525.0,0.0,503102.0,0.48846153846153845,0.2648713526559721,4.36,3.91,0.0,0.027427187137564514
2014T1,2014,Grupo MASMOVIL,4.11,6190.26,0.0006639462639695264,1,11265798.0,308989.15,10791.0,98.0,412115.0,54170.166666666664,17.87,66.0,0.65,77994.0,154297.0,105309.0,0.0,503102.0,0.48846153846153845,0.2648713526559721,4.31,4.17,0.0,0.027427187137564514
2014T2,2014,Grupo MASMOVIL,4.08,6162.58,0.0006620603708187156,2,11265798.0,308989.15,10791.0,98.0,412115.0,54170.166666666664,17.87,66.0,0.65,77994.0,154297.0,105309.0,0.0,503102.0,0.48846153846153845,0.2648713526559721,4.11,4.09,0.0,0.027427187137564514
2014T3,2014,Grupo MASMOVIL,4.36,5944.42,0.0007334609600263777,3,11265798.0,308989.15,10791.0,98.0,412115.0,54170.166666666664,17.87,66.0,0.65,77994.0,154297.0,105309.0,0.0,503102.0,0.48846153846153845,0.2648713526559721,4.08,4.36,0.0,0.027427187137564514
2014T4,2014,Grupo MASMOVIL,4.39,6359.17,0.0006903416640850928,4,11265798.0,308989.15,10791.0,98.0,412115.0,54170.166666666664,17.87,66.0,0.65,77994.0,154297.0,105309.0,0.0,503102.0,0.48846153846153845,0.2648713526559721,4.36,4.31,0.0,0.027427187137564514
2015T1,2015,Grupo MASMOVIL,8.08,5959.72,0.0013557683918036416,1,11265798.0,308989.15,10791.0,98.0,412115.0,54170.166666666664,35.78,97.0,1.42,77994.0,380728.0,216898.0,0.0,503102.0,0.48846153846153845,0.2648713526559721,4.39,4.11,0.0,0.027427187137564514
2015T2,2015,Grupo MASMOVIL,8.4,6123.11,0.001371851885724738,2,11265798.0,308989.15,10791.0,98.0,412115.0,54170.166666666664,35.78,97.0,1.42,77994.0,380728.0,216898.0,0.0,503102.0,0.48846153846153845,0.2648713526559721,8.08,4.08,0.0,0.027427187137564514
2015T3,2015,Grupo MASMOVIL,9.32,6006.46,0.001551662709815765,3,11265798.0,308989.15,10791.0,98.0,412115.0,54170.166666666664,35.78,97.0,1.42,77994.0,380728.0,216898.0,0.0,503102.0,0.48846153846153845,0.2648713526559721,8.4,4.36,0.0,0.027427187137564514
2015T4,2015,Grupo MASMOVIL,9.95,6229.639999999999,0.0015972030486512865,4,11265798.0,308989.15,10791.0,98.0,412115.0,54170.166666666664,35.78,97.0,1.42,77994.0,380728.0,216898.0,0.0,503102.0,0.48846153846153845,0.2648713526559721,9.32,4.39,0.0,0.027427187137564514
2016T1,2016,Grupo MASMOVIL,9.88,5935.200000000001,0.0016646448308397358,1,11265798.0,308989.15,10791.0,98.0,412115.0,54170.166666666664,55.75,88.0,1.79,77994.0,582918.0,521689.0,0.0,503102.0,0.48846153846153845,0.2648713526559721,9.95,8.08,0.0,0.027427187137564514
2016T2,2016,Grupo MASMOVIL,11.3,6136.7,0.001841380546547819,2,11265798.0,308989.15,10791.0,98.0,412115.0,54170.166666666664,55.75,88.0,1.79,77994.0,582918.0,521689.0,0.0,503102.0,0.48846153846153845,0.2648713526559721,9.88,8.4,0.0,0.027427187137564514
2016T3,2016,Grupo MASMOVIL,14.09,6036.61,0.0023340914851216164,3,11265798.0,308989.15,10791.0,98.0,412115.0,54170.166666666664,55.75,88.0,1.79,77994.0,582918.0,521689.0,0.0,503102.0,0.48846153846153845,0.2648713526559721,11.3,9.32,0.0,0.027427187137564514
2016T4,2016,Grupo MASMOVIL,258.46,6352.95,0.04068346201371016,4,11265798.0,308989.15,10791.0,98.0,412115.0,54170.166666666664,55.75,88.0,1.79,77994.0,582918.0,521689.0,0.0,503102.0,0.48846153846153845,0.2648713526559721,14.09,9.95,0.0,0.027427187137564514
2017T1,2017,Grupo MASMOVIL,263.16,6043.02,0.04354776254256978,1,11265798.0,308989.15,10791.0,98.0,463021.0,86211.83333333333,1174.52,470.0,237.05,503102.0,4991227.0,3723115.0,0.0,503102.0,0.48846153846153845,0.2648713526559721,258.46,9.88,0.0,0.027427187137564514
2017T2,2017,Grupo MASMOVIL,278.97,6240.780000000001,0.04470114312633998,2,11265798.0,308989.15,10791.0,98.0,420132.0,124586.66666666667,1174.52,470.0,237.05,503102.0,4991227.0,3723115.0,0.0,503102.0,0.48846153846153845,0.2648713526559721,263.16,11.3,0.0,0.027427187137564514
2017T3,2017,Grupo MASMOVIL,310.61,6160.889999999999,0.05041641710856711,3,11265798.0,308989.15,10791.0,98.0,546391.0,165521.0,1174.52,470.0,237.05,503102.0,4991227.0,3723115.0,0.0,503102.0,0.48846153846153845,0.2648713526559721,278.97,14.09,0.0,0.027427187137564514
2017T4,2017,Grupo MASMOVIL,320.62,6460.870000000001,0.04962489571837848,4,11265798.0,308989.15,10791.0,98.0,593439.0,231562.5,1174.52,470.0,237.05,503102.0,4991227.0,3723115.0,0.0,503102.0,0.48846153846153845,0.2648713526559721,310.61,258.46,0.0,0.027427187137564514
2018T1,2018,Grupo MASMOVIL,334.5,6126.73,0.054596824080708636,1,11265798.0,308989.15,10791.0,98.0,660031.0,300345.3333333333,1406.82,596.0,524.68,981174.0,6742209.0,5099329.0,0.0,981174.0,0.8442307692307692,0.5168663839425891,320.62,263.16,0.0,0.027427187137564514
2018T2,2018,Grupo MASMOVIL,361.02,6322.700000000001,0.05709902415107469,2,11265798.0,308989.15,10791.0,98.0,630299.0,361126.1666666667,1406.82,596.0,524.68,981174.0,6742209.0,5099329.0,0.0,981174.0,0.8442307692307692,0.5168663839425891,334.5,278.97,0.0,0.027427187137564514
2018T3,2018,Grupo MASMOVIL,364.77,6066.049999999999,0.060133035500861354,3,11265798.0,308989.15,10791.0,98.0,642839.0,406024.6666666667,1406.82,596.0,524.68,981174.0,6742209.0,5099329.0,0.0,981174.0,0.8442307692307692,0.5168663839425891,361.02,310.61,0.0,0.027427187137564514
2018T4,2018,Grupo MASMOVIL,379.81,6406.96,0.0592808445815176,4,11265798.0,308989.15,10791.0,98.0,685268.0,470800.3333333333,1406.82,596.0,524.68,981174.0,6742209.0,5099329.0,0.0,981174.0,0.8442307692307692,0.5168663839425891,364.77,320.62,0.0,0.027427187137564514
2019T1,2019,Grupo MASMOVIL,410.45,6156.68,0.06666742465094823,1,11265798.0,308989.15,10791.0,98.0,723401.0,532223.3333333334,1653.81,683.0,734.42,1467483.0,7346486.0,5783319.0,0.0,1467483.0,1.4355769230769229,1.142805122242393,379.81,334.5,0.0,0.027427187137564514
2019T2,2019,Grupo MASMOVIL,419.82,6207.2699999999995,0.06763359737855773,2,11265798.0,308989.15,10791.0,98.0,634100.0,588552.6666666666,1653.81,683.0,734.42,1467483.0,7346486.0,5783319.0,0.0,1467483.0,1.4355769230769229,1.142805122242393,410.45,361.02,0.0,0.027427187137564514
2019T3,2019,Grupo MASMOVIL,439.12,6000.469999999999,0.07318093416015746,3,11265798.0,308989.15,10791.0,98.0,746635.0,648817.3333333334,1653.81,683.0,734.42,1467483.0,7346486.0,5783319.0,0.0,1467483.0,1.4355769230769229,1.142805122242393,419.82,364.77,0.0,0.027427187137564514
2019T4,2019,Grupo MASMOVIL,452.92,6377.77,0.07101541761462078,4,11265798.0,308989.15,10791.0,98.0,791290.0,715722.6666666666,1653.81,683.0,734.42,1467483.0,7346486.0,5783319.0,0.0,1467483.0,1.4355769230769229,1.142805122242393,439.12,379.81,0.0,0.027427187137564514
2020T1,2020,Grupo MASMOVIL,448.96,5875.04,0.07641820311010648,1,11265798.0,308989.15,10791.0,98.0,725153.0,774489.0,1853.15,978.0,459.94,1887608.0,8135964.0,6386748.0,0.0,1887608.0,1.908490566037736,1.8520576934615596,452.92,410.45,0.0,0.027427187137564514
2020T2,2020,Grupo MASMOVIL,484.66,5506.59,0.08801454257535063,2,11265798.0,308989.15,10791.0,98.0,472077.0,823983.0,1853.15,978.0,459.94,1887608.0,8135964.0,6386748.0,0.0,1887608.0,1.908490566037736,1.8520576934615596,448.96,419.82,0.0,0.027427187137564514
2020T3,2020,Grupo MASMOVIL,506.64,5745.799999999999,0.08817571095408822,3,11265798.0,308989.15,10791.0,98.0,817787.0,882483.5,1853.15,978.0,459.94,1887608.0,8135964.0,6386748.0,0.0,1887608.0,1.908490566037736,1.8520576934615596,484.66,439.12,0.0,0.027427187137564514
2020T4,2020,Grupo MASMOVIL,516.49,6027.1,0.08569461266612467,4,11265798.0,308989.15,10791.0,98.0,894290.0,929389.0,1853.15,978.0,459.94,1887608.0,8135964.0,6386748.0,0.0,1887608.0,1.908490566037736,1.8520576934615596,506.64,452.92,0.0,0.027427187137564514
2021T1,2021,Grupo MASMOVIL,465.45,5620.51,0.0828127696596928,1,11265798.0,308989.15,10791.0,98.0,859279.0,967617.0,1861.84,969.0,707.28,2181272.0,9929425.0,7406851.0,0.0,2181272.0,2.2723809523809524,2.2504484697540437,516.49,448.96,0.0,0.027427187137564514
2021T2,2021,Grupo MASMOVIL,451.78,5711.33,0.07910241572453351,2,11265798.0,308989.15,10791.0,98.0,726084.0,1011930.0,1861.84,969.0,707.28,2181272.0,9929425.0,7406851.0,0.0,2181272.0,2.2723809523809524,2.2504484697540437,465.45,484.66,0.0,0.027427187137564514
2021T3,2021,Grupo MASMOVIL,621.36,5549.75,0.11196180008108474,3,11265798.0,308989.15,10791.0,98.0,856615.0,776614.6,1861.84,969.0,707.28,2181272.0,9929425.0,7406851.0,0.0,2181272.0,2.2723809523809524,2.2504484697540437,451.78,506.64,0.0,0.027427187137564514
2021T4,2021,Grupo MASMOVIL,655.42,6100.32,0.10744026542869882,4,11265798.0,308989.15,10791.0,98.0,918972.0,727251.5,1861.84,969.0,707.28,2181272.0,9929425.0,7406851.0,0.0,2181272.0,2.2723809523809524,2.2504484697540437,621.36,516.49,0.0,0.027427187137564514
2022T1,2022,Grupo MASMOVIL,613.49,5699.9,0.10763171283706732,1,11265798.0,308989.15,10791.0,98.0,876532.0,741808.1666666666,2484.16,1487.0,605.91,3148775.0,11988129.0,9608511.0,0.0,3148775.0,2.529285714285714,2.962292919722912,655.42,465.45,0.0,0.027427187137564514
2022T2,2022,Grupo MASMOVIL,617.81,5673.99,0.108884576814552,2,11265798.0,308989.15,10791.0,98.0,787011.0,756225.25,2484.16,1487.0,605.91,3148775.0,11988129.0,9608511.0,0.0,3148775.0,2.529285714285714,2.962292919722912,613.49,451.78,0.0,0.027427187137564514
2022T3,2022,Grupo MASMOVIL,627.84,5535.74,0.11341573123015171,3,11265798.0,308989.15,10791.0,98.0,803586.0,768972.9166666666,2484.16,1487.0,605.91,3148775.0,11988129.0,9608511.0,0.0,3148775.0,2.529285714285714,2.962292919722912,617.81,621.36,0.0,0.027427187137564514
2022T4,2022,Grupo MASMOVIL,629.51,6069.53,0.10371643273861403,4,11085311.0,337804.36000000004,10604.0,105.0,808217.0,783690.0833333334,2484.16,1487.0,605.91,3148775.0,11988129.0,9608511.0,0.0,3148775.0,2.529285714285714,2.962292919722912,627.84,655.42,0.0,0.03047315136219453
2023T1,2023,Grupo MASMOVIL,651.2,5624.21,0.11578515026999348,1,10859590.0,363621.82,10581.0,107.0,835742.0,793821.8333333334,2627.62,1507.0,460.68,3274937.0,12509418.0,10215195.0,0.0,3274937.0,2.3773584905660377,3.231880835946729,629.51,613.49,0.0,0.03348393631803779
2023T2,2023,Grupo MASMOVIL,659.03,5646.11,0.11672284103568652,2,12016662.0,407296.8,10526.0,107.0,765452.0,802687.8333333334,2627.62,1507.0,460.68,3274937.0,12509418.0,10215195.0,0.0,3274937.0,2.3773584905660377,3.231880835946729,651.2,617.81,0.0,0.03389433771208677
2023T3,2023,Grupo MASMOVIL,660.54,5557.14,0.11886330018678672,3,13052473.0,446172.35,10187.0,108.0,762214.0,808905.6666666666,2627.62,1507.0,460.68,3274937.0,12509418.0,10215195.0,0.0,3274937.0,2.3773584905660377,3.231880835946729,659.03,627.84,0.0,0.0341829743681523
2023T4,2023,Grupo MASMOVIL,664.58,6014.7300000000005,0.11049207528850007,4,13173227.0,432661.43999999994,9759.0,108.0,794075.0,816726.4166666666,2627.62,1507.0,460.68,3274937.0,12509418.0,10215195.0,0.0,3274937.0,2.3773584905660377,3.231880835946729,660.54,629.51,0.0,0.03284399790575232
2024T1,2024,Grupo MASMOVIL,674.26,5658.139999999999,0.11916636916018339,1,13480300.0,454571.97000000003,9759.0,108.0,786407.0,822816.75,2646.71,1380.0,477.35,3263972.0,12769956.0,10630099.0,0.0,3274937.0,2.3773584905660377,3.231880835946729,664.58,651.2,0.0,0.03372120575951574
2024T2,2024,MASORANGE,1544.05,5563.58,0.2775281383569572,2,28493650.0,891079.4,76133.0,15698.0,1201989.0,1782110.9166666667,0.0,0.0,0.0,0.0,0.0,0.0,0.0,0.0,0.0,0.0,1544.05,0.0,0.0,0.03127291168383131
2024T3,2024,MASORANGE,1615.29,5516.96,0.2927862445984745,3,29571524.0,959023.56,75433.0,16156.0,1127094.0,1771019.5,0.0,0.0,0.0,0.0,0.0,0.0,0.0,0.0,0.0,0.0,1544.05,0.0,0.0,0.03243064375038635
2024T4,2024,MASORANGE,1633.52,5882.75,0.27767965662317795,4,30832890.0,986230.5700000001,72929.0,18166.0,1265751.0,1760788.1666666667,0.0,0.0,0.0,0.0,0.0,0.0,0.0,0.0,0.0,0.0,1615.29,0.0,0.0,0.03198631623568209
2025T1,2025,MASORANGE,1651.15,5809.17,0.2842316544360038,1,31444157.0,989209.63,73367.0,19021.0,1253468.0,1765879.0,0.0,0.0,0.0,0.0,0.0,0.0,0.0,0.0,0.0,0.0,1633.52,0.0,0.0,0.03145925107803017
2005T1,2005,Movistar,4078.54,7610.59,0.5359032611137902,1,12759448.0,338053.97000000003,65513.0,5242.0,828653.0,3869394.0,16886.48,37061.0,2235.96,2708636.0,19889931.0,165267.0,0.0,4538644.0,9.090384615384615,2.7677597379139502,4078.54,4078.54,0.0,0.026494403989890475
2005T2,2005,Movistar,4247.06,8158.95,0.5205400204683202,2,12759448.0,338053.97000000003,65513.0,5242.0,828653.0,3869394.0,16886.48,37061.0,2235.96,2708636.0,19889931.0,165267.0,0.0,4538644.0,9.090384615384615,2.7677597379139502,4078.54,4078.54,0.0,0.026494403989890475
2005T3,2005,Movistar,4235.75,7765.95,0.5454258654768573,3,12759448.0,338053.97000000003,65513.0,5242.0,828653.0,3869394.0,16886.48,37061.0,2235.96,2708636.0,19889931.0,165267.0,0.0,4538644.0,9.090384615384615,2.7677597379139502,4247.06,4078.54,0.0,0.026494403989890475
2006T1,2006,Movistar,4103.4,8041.86,0.5102550902403176,1,12759448.0,338053.97000000003,65513.0,5242.0,828653.0,3869394.0,16951.65,35645.0,2235.96,3717667.0,21177126.0,165267.0,0.0,4538644.0,9.090384615384615,2.7677597379139502,4235.75,4078.54,0.0,0.026494403989890475
2006T2,2006,Movistar,4158.68,8435.880000000001,0.4929752438394097,2,12759448.0,338053.97000000003,65513.0,5242.0,828653.0,3869394.0,16951.65,35645.0,2235.96,3717667.0,21177126.0,165267.0,0.0,4538644.0,9.090384615384615,2.7677597379139502,4103.4,4078.54,0.0,0.026494403989890475
2006T3,2006,Movistar,4393.21,8207.19,0.5352879609220695,3,12759448.0,338053.97000000003,65513.0,5242.0,828653.0,3869394.0,16951.65,35645.0,2235.96,3717667.0,21177126.0,165267.0,0.0,4538644.0,9.090384615384615,2.7677597379139502,4158.68,4247.06,0.0,0.026494403989890475
2006T4,2006,Movistar,4379.44,8784.47,0.49854345225153024,4,12759448.0,338053.97000000003,65513.0,5242.0,828653.0,3869394.0,16951.65,35645.0,2235.96,3717667.0,21177126.0,165267.0,0.0,4538644.0,9.090384615384615,2.7677597379139502,4393.21,4235.75,0.0,0.026494403989890475
2007T1,2007,Movistar,4396.62,8649.5,0.5083091508179663,1,12759448.0,338053.97000000003,65513.0,5242.0,828653.0,3869394.0,17865.35,32999.0,2323.45,4538644.0,22383525.0,260276.0,0.0,4538644.0,9.090384615384615,2.7677597379139502,4379.44,4103.4,0.0,0.026494403989890475
2007T2,2007,Movistar,4467.96,9100.74,0.49094469240962824,2,12759448.0,338053.97000000003,65513.0,5242.0,691113.0,4101238.6666666665,17865.35,32999.0,2323.45,4538644.0,22383525.0,260276.0,0.0,4538644.0,9.090384615384615,2.7677597379139502,4396.62,4158.68,0.0,0.026494403989890475
2007T3,2007,Movistar,4551.3,8574.07,0.5308214185328555,3,12759448.0,338053.97000000003,65513.0,5242.0,718425.0,4259687.666666667,17865.35,32999.0,2323.45,4538644.0,22383525.0,260276.0,0.0,4538644.0,9.090384615384615,2.7677597379139502,4467.96,4393.21,0.0,0.026494403989890475
2007T4,2007,Movistar,4546.0,9216.68,0.4932361761501972,4,12759448.0,338053.97000000003,65513.0,5242.0,738783.0,4464090.666666667,17865.35,32999.0,2323.45,4538644.0,22383525.0,260276.0,0.0,4538644.0,9.090384615384615,2.7677597379139502,4551.3,4379.44,0.0,0.026494403989890475
2008T1,2008,Movistar,4556.64,8854.29,0.5146251139278248,1,12759448.0,338053.97000000003,65513.0,5242.0,719037.0,4671707.333333333,18349.67,32643.0,2174.26,5155255.0,23174012.0,415932.0,0.0,5155255.0,8.24,4.876627933316217,4546.0,4396.62,0.0,0.026494403989890475
2008T2,2008,Movistar,4621.08,9158.19,0.5045844211574557,2,12759448.0,338053.97000000003,65513.0,5242.0,675676.0,4871243.666666667,18349.67,32643.0,2174.26,5155255.0,23174012.0,415932.0,0.0,5155255.0,8.24,4.876627933316217,4556.64,4467.96,0.0,0.026494403989890475
2008T3,2008,Movistar,4738.71,8793.75,0.5388724946695096,3,12759448.0,338053.97000000003,65513.0,5242.0,667637.0,4989117.666666667,18349.67,32643.0,2174.26,5155255.0,23174012.0,415932.0,0.0,5155255.0,8.24,4.876627933316217,4621.08,4551.3,0.0,0.026494403989890475
2008T4,2008,Movistar,4546.99,9022.91,0.5039383081511397,4,12759448.0,338053.97000000003,65513.0,5242.0,722833.0,5108408.0,18349.67,32643.0,2174.26,5155255.0,23174012.0,415932.0,0.0,5155255.0,8.24,4.876627933316217,4738.71,4546.0,0.0,0.026494403989890475
2009T1,2009,Movistar,4340.23,8418.369999999999,0.5155665526699349,1,12759448.0,338053.97000000003,65513.0,5242.0,748153.0,5186535.333333333,17273.0,32393.0,1829.4,5375059.0,23411624.0,768344.0,0.0,5375059.0,8.735384615384614,5.0878049899130975,4546.99,4556.64,0.0,0.026494403989890475
2009T2,2009,Movistar,4292.5,8436.57,0.5087968214570614,2,12759448.0,338053.97000000003,65513.0,5242.0,745687.0,5216218.666666667,17273.0,32393.0,1829.4,5375059.0,23411624.0,768344.0,0.0,5375059.0,8.735384615384614,5.0878049899130975,4340.23,4621.08,0.0,0.026494403989890475
2009T3,2009,Movistar,4313.5,8156.73,0.5288271157682062,3,12759448.0,338053.97000000003,65513.0,5242.0,810295.0,5287102.0,17273.0,32393.0,1829.4,5375059.0,23411624.0,768344.0,0.0,5375059.0,8.735384615384614,5.0878049899130975,4292.5,4738.71,0.0,0.026494403989890475
2009T4,2009,Movistar,4515.26,8748.79,0.5161010836927163,4,12759448.0,338053.97000000003,65513.0,5242.0,876683.0,5355200.333333333,17273.0,32393.0,1829.4,5375059.0,23411624.0,768344.0,0.0,5375059.0,8.735384615384614,5.0878049899130975,4313.5,4546.99,0.0,0.026494403989890475
2010T1,2010,Movistar,4097.39,8025.99,0.5105152136994938,1,12759448.0,338053.97000000003,65513.0,5242.0,846777.0,2726747.3333333335,16267.84,32217.0,1994.32,5612385.0,22967000.0,5221289.0,0.0,5612385.0,5.1000000000000005,6.010780544872746,4515.26,4340.23,0.0,0.026494403989890475
2010T2,2010,Movistar,4102.21,8244.29,0.49758196278879074,2,12759448.0,338053.97000000003,65513.0,5242.0,762875.0,2749849.0,16267.84,32217.0,1994.32,5612385.0,22967000.0,5221289.0,0.0,5612385.0,5.1000000000000005,6.010780544872746,4097.39,4292.5,0.0,0.026494403989890475
2010T3,2010,Movistar,4158.27,8061.93,0.5157908838206237,3,12759448.0,338053.97000000003,65513.0,5242.0,778545.0,2770733.6666666665,16267.84,32217.0,1994.32,5612385.0,22967000.0,5221289.0,0.0,5612385.0,5.1000000000000005,6.010780544872746,4102.21,4313.5,0.0,0.026494403989890475
2010T4,2010,Movistar,4110.06,8281.970000000001,0.49626598502530195,4,12759448.0,338053.97000000003,65513.0,5242.0,885571.0,2802862.3333333335,16267.84,32217.0,1994.32,5612385.0,22967000.0,5221289.0,0.0,5612385.0,5.1000000000000005,6.010780544872746,4158.27,4515.26,0.0,0.026494403989890475
2011T1,2011,Movistar,3838.53,7842.34,0.48946232884572716,1,12759448.0,338053.97000000003,65513.0,5242.0,941282.0,2811565.6666666665,14677.69,30298.0,2890.91,5487963.0,22303299.0,8166829.0,0.0,5487963.0,4.313868613138686,5.727580108071407,4110.06,4097.39,0.0,0.026494403989890475
2011T2,2011,Movistar,3824.24,7893.9,0.484455085572404,2,12759448.0,338053.97000000003,65513.0,5242.0,797348.0,2792992.1666666665,14677.69,30298.0,2890.91,5487963.0,22303299.0,8166829.0,0.0,5487963.0,4.313868613138686,5.727580108071407,3838.53,4102.21,0.0,0.026494403989890475
2011T3,2011,Movistar,3697.21,7678.09,0.4815273069213828,3,12759448.0,338053.97000000003,65513.0,5242.0,886142.0,2751765.8333333335,14677.69,30298.0,2890.91,5487963.0,22303299.0,8166829.0,0.0,5487963.0,4.313868613138686,5.727580108071407,3824.24,4158.27,0.0,0.026494403989890475
2011T4,2011,Movistar,3701.54,7857.62,0.4710764837189887,4,12759448.0,338053.97000000003,65513.0,5242.0,957255.0,2744740.8333333335,14677.69,30298.0,2890.91,5487963.0,22303299.0,8166829.0,0.0,5487963.0,4.313868613138686,5.727580108071407,3697.21,4110.06,0.0,0.026494403989890475
2012T1,2012,Movistar,3382.3,7294.14,0.46370099833565026,1,12759448.0,338053.97000000003,65513.0,5242.0,940749.0,2745315.1666666665,12741.23,27370.0,1648.3,5581369.0,20390608.0,8715586.0,0.0,5581369.0,4.087837837837838,5.670629731498596,3701.54,3838.53,0.0,0.026494403989890475
2012T2,2012,Movistar,3263.36,7156.88,0.45597522942958385,2,12759448.0,338053.97000000003,65513.0,5242.0,581895.0,2747744.1666666665,12741.23,27370.0,1648.3,5581369.0,20390608.0,8715586.0,0.0,5581369.0,4.087837837837838,5.670629731498596,3382.3,3824.24,0.0,0.026494403989890475
2012T3,2012,Movistar,3073.03,6903.05,0.44516988867239843,3,12759448.0,338053.97000000003,65513.0,5242.0,622291.0,2739150.6666666665,12741.23,27370.0,1648.3,5581369.0,20390608.0,8715586.0,0.0,5581369.0,4.087837837837838,5.670629731498596,3263.36,3697.21,0.0,0.026494403989890475
2012T4,2012,Movistar,3075.98,7082.76,0.4342911520367766,4,12759448.0,338053.97000000003,65513.0,5242.0,837935.0,2772947.6666666665,12741.23,27370.0,1648.3,5581369.0,20390608.0,8715586.0,0.0,5581369.0,4.087837837837838,5.670629731498596,3073.03,3701.54,0.0,0.026494403989890475
2013T1,2013,Movistar,2761.96,6534.01,0.4227051994104692,1,12759448.0,338053.97000000003,65513.0,5242.0,995253.0,2812906.8333333335,10937.19,26060.0,1502.67,5726291.0,19021505.0,10067261.0,0.0,5726291.0,4.136184210526316,5.657106523435579,3075.98,3382.3,0.0,0.026494403989890475
2013T2,2013,Movistar,2780.71,6664.99,0.4172114286743116,2,12759448.0,338053.97000000003,65513.0,5242.0,914048.0,2827259.3333333335,10937.19,26060.0,1502.67,5726291.0,19021505.0,10067261.0,0.0,5726291.0,4.136184210526316,5.657106523435579,2761.96,3263.36,0.0,0.026494403989890475
2013T3,2013,Movistar,2692.29,6451.23,0.41732971851879413,3,12759448.0,338053.97000000003,65513.0,5242.0,885073.0,2835510.3333333335,10937.19,26060.0,1502.67,5726291.0,19021505.0,10067261.0,0.0,5726291.0,4.136184210526316,5.657106523435579,2780.71,3073.03,0.0,0.026494403989890475
2013T4,2013,Movistar,2720.58,6742.71,0.4034846523133873,4,12759448.0,338053.97000000003,65513.0,5242.0,929809.0,2851293.1666666665,10937.19,26060.0,1502.67,5726291.0,19021505.0,10067261.0,0.0,5726291.0,4.136184210526316,5.657106523435579,2692.29,3075.98,0.0,0.026494403989890475
2014T1,2014,Movistar,2503.36,6190.26,0.4044030460756091,1,12759448.0,338053.97000000003,65513.0,5242.0,975068.0,1430587.5833333333,10007.45,26230.0,1719.38,5761465.0,17673644.0,10684791.0,0.0,5761465.0,4.0762820512820515,5.1432400002896035,2720.58,2761.96,0.0,0.026494403989890475
2014T2,2014,Movistar,2486.11,6162.58,0.4034203207098326,2,12759448.0,338053.97000000003,65513.0,5242.0,711175.0,1432727.25,10007.45,26230.0,1719.38,5761465.0,17673644.0,10684791.0,0.0,5761465.0,4.0762820512820515,5.1432400002896035,2503.36,2780.71,0.0,0.026494403989890475
2014T3,2014,Movistar,2446.05,5944.42,0.41148673882397274,3,12759448.0,338053.97000000003,65513.0,5242.0,702520.0,1436298.0,10007.45,26230.0,1719.38,5761465.0,17673644.0,10684791.0,0.0,5761465.0,4.0762820512820515,5.1432400002896035,2486.11,2692.29,0.0,0.026494403989890475
2014T4,2014,Movistar,2571.03,6359.17,0.4043027627819354,4,12759448.0,338053.97000000003,65513.0,5242.0,747379.0,1439514.4166666667,10007.45,26230.0,1719.38,5761465.0,17673644.0,10684791.0,0.0,5761465.0,4.0762820512820515,5.1432400002896035,2446.05,2720.58,0.0,0.026494403989890475
2015T1,2015,Movistar,2348.07,5959.72,0.39398998610672986,1,12759448.0,338053.97000000003,65513.0,5242.0,714329.0,1447344.3333333333,9739.92,26257.0,1801.94,5830846.0,17479715.0,11222211.0,0.0,5830846.0,4.1275641025641026,4.359736211581387,2571.03,2503.36,0.0,0.026494403989890475
2015T2,2015,Movistar,2664.74,6123.11,0.435193880234064,2,12759448.0,338053.97000000003,65513.0,5242.0,617528.0,1435523.0833333333,9739.92,26257.0,1801.94,5830846.0,17479715.0,11222211.0,0.0,5830846.0,4.1275641025641026,4.359736211581387,2348.07,2486.11,0.0,0.026494403989890475
2015T3,2015,Movistar,2646.99,6006.46,0.440690523203351,3,12759448.0,338053.97000000003,65513.0,5242.0,653113.0,1438764.25,9739.92,26257.0,1801.94,5830846.0,17479715.0,11222211.0,0.0,5830846.0,4.1275641025641026,4.359736211581387,2664.74,2446.05,0.0,0.026494403989890475
2015T4,2015,Movistar,2676.63,6229.639999999999,0.4296604619207531,4,12759448.0,338053.97000000003,65513.0,5242.0,632004.0,1453326.25,9739.92,26257.0,1801.94,5830846.0,17479715.0,11222211.0,0.0,5830846.0,4.1275641025641026,4.359736211581387,2646.99,2571.03,0.0,0.026494403989890475
2016T1,2016,Movistar,2554.01,5935.200000000001,0.430315743361639,1,12759448.0,338053.97000000003,65513.0,5242.0,650605.0,1458299.8333333333,10541.94,23548.0,1829.05,5933138.0,17319578.0,11689641.0,0.0,5933138.0,4.198076923076923,3.830159958823351,2676.63,2348.07,0.0,0.026494403989890475
2016T2,2016,Movistar,2595.78,6136.7,0.42299281372724756,2,12759448.0,338053.97000000003,65513.0,5242.0,570639.0,1471516.5833333333,10541.94,23548.0,1829.05,5933138.0,17319578.0,11689641.0,0.0,5933138.0,4.198076923076923,3.830159958823351,2554.01,2664.74,0.0,0.026494403989890475
2016T3,2016,Movistar,2645.08,6036.61,0.43817308058662063,3,12759448.0,338053.97000000003,65513.0,5242.0,666076.0,1476095.0,10541.94,23548.0,1829.05,5933138.0,17319578.0,11689641.0,0.0,5933138.0,4.198076923076923,3.830159958823351,2595.78,2646.99,0.0,0.026494403989890475
2016T4,2016,Movistar,2701.22,6352.95,0.4251914464933613,4,12759448.0,338053.97000000003,65513.0,5242.0,671201.0,1480332.9166666667,10541.94,23548.0,1829.05,5933138.0,17319578.0,11689641.0,0.0,5933138.0,4.198076923076923,3.830159958823351,2645.08,2676.63,0.0,0.026494403989890475
2017T1,2017,Movistar,2535.84,6043.02,0.41963124398065865,1,12759448.0,338053.97000000003,65513.0,5242.0,732284.0,1483331.4166666667,10445.55,22258.0,1788.38,5909502.0,17703120.0,12649702.0,0.0,5909502.0,4.222435897435898,3.5382257941032953,2701.22,2554.01,0.0,0.026494403989890475
2017T2,2017,Movistar,2609.53,6240.780000000001,0.4181416425510914,2,12759448.0,338053.97000000003,65513.0,5242.0,590141.0,1474571.25,10445.55,22258.0,1788.38,5909502.0,17703120.0,12649702.0,0.0,5909502.0,4.222435897435898,3.5382257941032953,2535.84,2595.78,0.0,0.026494403989890475
2017T3,2017,Movistar,2611.47,6160.889999999999,0.4238786928511952,3,12759448.0,338053.97000000003,65513.0,5242.0,687118.0,1473839.1666666667,10445.55,22258.0,1788.38,5909502.0,17703120.0,12649702.0,0.0,5909502.0,4.222435897435898,3.5382257941032953,2609.53,2645.08,0.0,0.026494403989890475
2017T4,2017,Movistar,2677.05,6460.870000000001,0.4143482224530133,4,12759448.0,338053.97000000003,65513.0,5242.0,804601.0,1475619.8333333333,10445.55,22258.0,1788.38,5909502.0,17703120.0,12649702.0,0.0,5909502.0,4.222435897435898,3.5382257941032953,2611.47,2701.22,0.0,0.026494403989890475
2018T1,2018,Movistar,2589.03,6126.73,0.4225794183846849,1,12759448.0,338053.97000000003,65513.0,5242.0,823855.0,1483735.1666666667,10508.81,20755.0,1756.04,6032183.0,18443098.0,13446674.0,0.0,6032183.0,4.264102564102564,3.4890787899266416,2677.05,2535.84,0.0,0.026494403989890475
2018T2,2018,Movistar,2622.75,6322.700000000001,0.4148148733926961,2,12759448.0,338053.97000000003,65513.0,5242.0,768132.0,1485108.5833333333,10508.81,20755.0,1756.04,6032183.0,18443098.0,13446674.0,0.0,6032183.0,4.264102564102564,3.4890787899266416,2589.03,2609.53,0.0,0.026494403989890475
2018T3,2018,Movistar,2609.94,6066.049999999999,0.4302536246816298,3,12759448.0,338053.97000000003,65513.0,5242.0,918186.0,1496729.8333333333,10508.81,20755.0,1756.04,6032183.0,18443098.0,13446674.0,0.0,6032183.0,4.264102564102564,3.4890787899266416,2622.75,2611.47,0.0,0.026494403989890475
2018T4,2018,Movistar,2702.9,6406.96,0.4218693420904766,4,12759448.0,338053.97000000003,65513.0,5242.0,799594.0,1509412.0833333333,10508.81,20755.0,1756.04,6032183.0,18443098.0,13446674.0,0.0,6032183.0,4.264102564102564,3.4890787899266416,2609.94,2677.05,0.0,0.026494403989890475
2019T1,2019,Movistar,2610.55,6156.68,0.4240191141979119,1,12759448.0,338053.97000000003,65513.0,5242.0,789980.0,1498716.9166666667,10541.04,18176.0,1723.34,5941189.0,18987416.0,14037065.0,0.0,5941189.0,4.174358974358975,3.617232444034665,2702.9,2589.03,0.0,0.026494403989890475
2019T2,2019,Movistar,2654.24,6207.2699999999995,0.4276018281788935,2,12759448.0,338053.97000000003,65513.0,5242.0,707819.0,1497061.4166666667,10541.04,18176.0,1723.34,5941189.0,18987416.0,14037065.0,0.0,5941189.0,4.174358974358975,3.617232444034665,2610.55,2622.75,0.0,0.026494403989890475
2019T3,2019,Movistar,2630.37,6000.469999999999,0.43836066174816307,3,12759448.0,338053.97000000003,65513.0,5242.0,747924.0,1498459.4166666667,10541.04,18176.0,1723.34,5941189.0,18987416.0,14037065.0,0.0,5941189.0,4.174358974358975,3.617232444034665,2654.24,2609.94,0.0,0.026494403989890475
2019T4,2019,Movistar,2644.09,6377.77,0.41457907701281166,4,12759448.0,338053.97000000003,65513.0,5242.0,724502.0,1622188.3636363635,10541.04,18176.0,1723.34,5941189.0,18987416.0,14037065.0,0.0,5941189.0,4.174358974358975,3.617232444034665,2630.37,2702.9,0.0,0.026494403989890475
2020T1,2020,Movistar,2498.42,5875.04,0.42526008333560283,1,12759448.0,338053.97000000003,65513.0,5242.0,604706.0,1972476.3333333333,9786.95,18248.0,1458.25,5882308.0,19042413.0,14206243.0,0.0,5882308.0,4.148076923076923,3.8663389560509205,2644.09,2610.55,0.0,0.026494403989890475
2020T2,2020,Movistar,2371.54,5506.59,0.43067306627150376,2,12759448.0,338053.97000000003,65513.0,5242.0,361074.0,1967487.5555555555,9786.95,18248.0,1458.25,5882308.0,19042413.0,14206243.0,0.0,5882308.0,4.148076923076923,3.8663389560509205,2498.42,2654.24,0.0,0.026494403989890475
2020T3,2020,Movistar,2455.37,5745.799999999999,0.4273330084583522,3,12759448.0,338053.97000000003,65513.0,5242.0,767652.0,1983374.3333333333,9786.95,18248.0,1458.25,5882308.0,19042413.0,14206243.0,0.0,5882308.0,4.148076923076923,3.8663389560509205,2371.54,2630.37,0.0,0.026494403989890475
2020T4,2020,Movistar,2467.55,6027.1,0.40940916858854176,4,12759448.0,338053.97000000003,65513.0,5242.0,741256.0,1968112.6666666667,9786.95,18248.0,1458.25,5882308.0,19042413.0,14206243.0,0.0,5882308.0,4.148076923076923,3.8663389560509205,2455.37,2644.09,0.0,0.026494403989890475
2021T1,2021,Movistar,2326.2,5620.51,0.4138770325112845,1,12759448.0,338053.97000000003,65513.0,5242.0,642349.0,1947460.3333333333,9414.35,18399.0,1957.9,5800263.0,18997122.0,13839889.0,0.0,5800263.0,4.076923076923077,4.1865043722132675,2467.55,2498.42,0.0,0.026494403989890475
2021T2,2021,Movistar,2328.2,5711.33,0.4076458548184048,2,12759448.0,338053.97000000003,65513.0,5242.0,539023.0,1935992.0,9414.35,18399.0,1957.9,5800263.0,18997122.0,13839889.0,0.0,5800263.0,4.076923076923077,4.1865043722132675,2326.2,2371.54,0.0,0.026494403989890475
2021T3,2021,Movistar,2273.93,5549.75,0.4097355736744898,3,12759448.0,338053.97000000003,65513.0,5242.0,538957.0,1934398.111111111,9414.35,18399.0,1957.9,5800263.0,18997122.0,13839889.0,0.0,5800263.0,4.076923076923077,4.1865043722132675,2328.2,2455.37,0.0,0.026494403989890475
2021T4,2021,Movistar,2527.24,6100.32,0.414279906627849,4,12759448.0,338053.97000000003,65513.0,5242.0,537936.0,1932061.7777777778,9414.35,18399.0,1957.9,5800263.0,18997122.0,13839889.0,0.0,5800263.0,4.076923076923077,4.1865043722132675,2273.93,2467.55,0.0,0.026494403989890475
2022T1,2022,Movistar,2431.96,5699.9,0.4266671345111318,1,12759448.0,338053.97000000003,65513.0,5242.0,548176.0,1925617.111111111,9485.12,16749.0,1755.01,5780054.0,19419670.0,13930893.0,0.0,5780054.0,4.0070512820512825,4.55369558787482,2527.24,2326.2,0.0,0.026494403989890475
2022T2,2022,Movistar,2324.91,5673.99,0.4097486953625227,2,12759448.0,338053.97000000003,65513.0,5242.0,474688.0,1924312.6666666667,9485.12,16749.0,1755.01,5780054.0,19419670.0,13930893.0,0.0,5780054.0,4.0070512820512825,4.55369558787482,2431.96,2328.2,0.0,0.026494403989890475
2022T3,2022,Movistar,2237.96,5535.74,0.4042747672397909,3,12759448.0,338053.97000000003,65513.0,5242.0,515277.0,1926095.7777777778,9485.12,16749.0,1755.01,5780054.0,19419670.0,13930893.0,0.0,5780054.0,4.0070512820512825,4.55369558787482,2324.91,2273.93,0.0,0.026494403989890475
2022T4,2022,Movistar,2451.17,6069.53,0.4038484034183866,4,13185929.0,316284.68,66733.0,7557.0,468420.0,1925645.3333333333,9485.12,16749.0,1755.01,5780054.0,19419670.0,13930893.0,0.0,5780054.0,4.0070512820512825,4.55369558787482,2237.96,2527.24,0.0,0.02398652988348413
2023T1,2023,Movistar,2153.38,5624.21,0.38287688404238107,1,13674786.0,327980.25,67664.0,9043.0,465220.0,1931032.4444444445,8733.44,16988.0,1872.5,5862423.0,20206521.0,13813298.0,0.0,5862423.0,4.074358974358974,5.059578865489941,2451.17,2431.96,0.0,0.023984305860435404
2023T2,2023,Movistar,2121.32,5646.11,0.3757135443694863,2,14161250.0,340405.39,68478.0,10742.0,421571.0,1939043.5555555555,8733.44,16988.0,1872.5,5862423.0,20206521.0,13813298.0,0.0,5862423.0,4.074358974358974,5.059578865489941,2153.38,2324.91,0.0,0.02403780669079354
2023T3,2023,Movistar,2122.23,5557.14,0.38189248426348804,3,14617740.0,419381.53,69473.0,12221.0,427628.0,1949263.2222222222,8733.44,16988.0,1872.5,5862423.0,20206521.0,13813298.0,0.0,5862423.0,4.074358974358974,5.059578865489941,2121.32,2237.96,0.0,0.028689902132614208
2023T4,2023,Movistar,2269.8,6014.7300000000005,0.37737354793980776,4,15092696.0,375768.58,70616.0,14074.0,437913.0,1953194.6666666667,8733.44,16988.0,1872.5,5862423.0,20206521.0,13813298.0,0.0,5862423.0,4.074358974358974,5.059578865489941,2122.23,2451.17,0.0,0.024897379500653828
2024T1,2024,Movistar,2138.24,5658.139999999999,0.37790510662514537,1,15640822.0,358676.84,71556.0,15825.0,463512.0,1956692.5555555555,8584.21,13852.0,1937.87,5951530.0,21169867.0,13880511.0,0.0,5862423.0,4.074358974358974,5.059578865489941,2269.8,2153.38,0.0,0.02293209653559129
2024T2,2024,Movistar,2076.89,5563.58,0.3733010040297794,2,16087630.0,391109.55,72388.0,17249.0,437081.0,1961561.2222222222,8584.21,13852.0,1937.87,5951530.0,21169867.0,13880511.0,0.0,5862423.0,4.074358974358974,5.059578865489941,2138.24,2121.32,0.0,0.024311197485272846
2024T3,2024,Movistar,2123.63,5516.96,0.38492756880600915,3,16551467.0,437921.55,73198.0,18269.0,416176.0,1973104.6666666667,8584.21,13852.0,1937.87,5951530.0,21169867.0,13880511.0,0.0,5862423.0,4.074358974358974,5.059578865489941,2076.89,2122.23,0.0,0.02645817135121618
2024T4,2024,Movistar,2189.47,5882.75,0.3721847775275169,4,16973344.0,401307.16000000003,74017.0,19408.0,447138.0,1979727.7777777778,8584.21,13852.0,1937.87,5951530.0,21169867.0,13880511.0,0.0,5862423.0,4.074358974358974,5.059578865489941,2123.63,2269.8,0.0,0.023643376343518402
2025T1,2025,Movistar,2257.93,5809.17,0.38868375344498435,1,17500609.0,393241.06,80647.0,23572.0,465395.0,1989904.6666666667,8584.21,13852.0,1937.87,5951530.0,21169867.0,13880511.0,0.0,5862423.0,4.074358974358974,5.059578865489941,2189.47,2138.24,0.0,0.02247013575356149
2005T1,2005,Orange,737.2,7610.59,0.09686502623318298,1,11805279.0,402805.86,58384.0,8575.0,824761.0,1750564.3333333333,3192.13,3285.0,730.18,820245.0,10300812.0,19406.0,0.0,1122017.0,1.9615384615384615,0.791165396593035,737.2,737.2,0.0,0.03412082509866984
2005T2,2005,Orange,752.89,8158.95,0.0922778053548557,2,11805279.0,402805.86,58384.0,8575.0,824761.0,1750564.3333333333,3192.13,3285.0,730.18,820245.0,10300812.0,19406.0,0.0,1122017.0,1.9615384615384615,0.791165396593035,737.2,737.2,0.0,0.03412082509866984
2005T3,2005,Orange,813.61,7765.95,0.10476631963893665,3,11805279.0,402805.86,58384.0,8575.0,824761.0,1750564.3333333333,3192.13,3285.0,730.18,820245.0,10300812.0,19406.0,0.0,1122017.0,1.9615384615384615,0.791165396593035,752.89,737.2,0.0,0.03412082509866984
2006T1,2006,Orange,785.5,8041.86,0.09767640819412425,1,11805279.0,402805.86,58384.0,8575.0,824761.0,1750564.3333333333,3229.64,3800.0,730.18,998954.0,11094752.0,19406.0,0.0,1122017.0,1.9615384615384615,0.791165396593035,813.61,737.2,0.0,0.03412082509866984
2006T2,2006,Orange,780.77,8435.880000000001,0.09255347397070607,2,11805279.0,402805.86,58384.0,8575.0,824761.0,1750564.3333333333,3229.64,3800.0,730.18,998954.0,11094752.0,19406.0,0.0,1122017.0,1.9615384615384615,0.791165396593035,785.5,737.2,0.0,0.03412082509866984
2006T3,2006,Orange,766.46,8207.19,0.093388845634133,3,11805279.0,402805.86,58384.0,8575.0,824761.0,1750564.3333333333,3229.64,3800.0,730.18,998954.0,11094752.0,19406.0,0.0,1122017.0,1.9615384615384615,0.791165396593035,780.77,752.89,0.0,0.03412082509866984
2006T4,2006,Orange,757.64,8784.47,0.0862476620672619,4,11805279.0,402805.86,58384.0,8575.0,824761.0,1750564.3333333333,3229.64,3800.0,730.18,998954.0,11094752.0,19406.0,0.0,1122017.0,1.9615384615384615,0.791165396593035,766.46,813.61,0.0,0.03412082509866984
2007T1,2007,Orange,798.93,8649.5,0.0923671888548471,1,11805279.0,402805.86,58384.0,8575.0,824761.0,1750564.3333333333,3165.71,3715.0,658.7,1130025.0,11047685.0,43641.0,0.0,1122017.0,1.9615384615384615,0.791165396593035,757.64,785.5,0.0,0.03412082509866984
2007T2,2007,Orange,798.7,9100.74,0.08776209407147112,2,11805279.0,402805.86,58384.0,8575.0,512160.0,1750564.3333333333,3165.71,3715.0,658.7,1130025.0,11047685.0,43641.0,0.0,1122017.0,1.9615384615384615,0.791165396593035,798.93,780.77,0.0,0.03412082509866984
2007T3,2007,Orange,850.31,8574.07,0.09917227174492393,3,11805279.0,402805.86,58384.0,8575.0,559572.0,1750564.3333333333,3165.71,3715.0,658.7,1130025.0,11047685.0,43641.0,0.0,1122017.0,1.9615384615384615,0.791165396593035,798.7,766.46,0.0,0.03412082509866984
2007T4,2007,Orange,830.54,9216.68,0.09011270869770893,4,11805279.0,402805.86,58384.0,8575.0,540158.0,1750564.3333333333,3165.71,3715.0,658.7,1130025.0,11047685.0,43641.0,0.0,1122017.0,1.9615384615384615,0.791165396593035,850.31,757.64,0.0,0.03412082509866984
2008T1,2008,Orange,815.22,8854.29,0.09207062339272827,1,11805279.0,402805.86,58384.0,8575.0,534135.0,1750564.3333333333,3183.58,3307.0,561.24,1172013.0,10466979.0,185139.0,0.0,1172013.0,1.8107142857142857,0.9784363353523121,830.54,798.93,0.0,0.03412082509866984
2008T2,2008,Orange,801.09,9158.19,0.08747252459274157,2,11805279.0,402805.86,58384.0,8575.0,495553.0,1750564.3333333333,3183.58,3307.0,561.24,1172013.0,10466979.0,185139.0,0.0,1172013.0,1.8107142857142857,0.9784363353523121,815.22,798.7,0.0,0.03412082509866984
2008T3,2008,Orange,826.43,8793.75,0.09397924662402274,3,11805279.0,402805.86,58384.0,8575.0,513725.0,1750564.3333333333,3183.58,3307.0,561.24,1172013.0,10466979.0,185139.0,0.0,1172013.0,1.8107142857142857,0.9784363353523121,801.09,850.31,0.0,0.03412082509866984
2008T4,2008,Orange,796.44,9022.91,0.0882686406048603,4,11805279.0,402805.86,58384.0,8575.0,567698.0,1750564.3333333333,3183.58,3307.0,561.24,1172013.0,10466979.0,185139.0,0.0,1172013.0,1.8107142857142857,0.9784363353523121,826.43,830.54,0.0,0.03412082509866984
2009T1,2009,Orange,764.02,8418.369999999999,0.09075628654953395,1,11805279.0,402805.86,58384.0,8575.0,578959.0,1750564.3333333333,3117.51,3133.0,442.55,1093588.0,10659400.0,354542.0,0.0,1093588.0,1.6410714285714287,0.9360996034250136,796.44,815.22,0.0,0.03412082509866984
2009T2,2009,Orange,775.1,8436.57,0.09187383024143699,2,11805279.0,402805.86,58384.0,8575.0,523492.0,1750564.3333333333,3117.51,3133.0,442.55,1093588.0,10659400.0,354542.0,0.0,1093588.0,1.6410714285714287,0.9360996034250136,764.02,801.09,0.0,0.03412082509866984
2009T3,2009,Orange,796.62,8156.73,0.09766413746685253,3,11805279.0,402805.86,58384.0,8575.0,580066.0,1750564.3333333333,3117.51,3133.0,442.55,1093588.0,10659400.0,354542.0,0.0,1093588.0,1.6410714285714287,0.9360996034250136,775.1,826.43,0.0,0.03412082509866984
2009T4,2009,Orange,783.49,8748.79,0.08955409833817018,4,11805279.0,402805.86,58384.0,8575.0,622137.0,1750564.3333333333,3117.51,3133.0,442.55,1093588.0,10659400.0,354542.0,0.0,1093588.0,1.6410714285714287,0.9360996034250136,796.62,796.44,0.0,0.03412082509866984
2010T1,2010,Orange,744.55,8025.99,0.0927673720002143,1,11805279.0,402805.86,58384.0,8575.0,592479.0,1750564.3333333333,3075.58,3071.0,402.06,1121238.0,10667133.0,1373769.0,0.0,1121238.0,1.8673076923076921,0.7903141975948935,783.49,764.02,0.0,0.03412082509866984
2010T2,2010,Orange,764.76,8244.29,0.09276238463227275,2,11805279.0,402805.86,58384.0,8575.0,534620.0,1750564.3333333333,3075.58,3071.0,402.06,1121238.0,10667133.0,1373769.0,0.0,1121238.0,1.8673076923076921,0.7903141975948935,744.55,775.1,0.0,0.03412082509866984
2010T3,2010,Orange,790.38,8061.93,0.09803855900510175,3,11805279.0,402805.86,58384.0,8575.0,569838.0,1750564.3333333333,3075.58,3071.0,402.06,1121238.0,10667133.0,1373769.0,0.0,1121238.0,1.8673076923076921,0.7903141975948935,764.76,796.62,0.0,0.03412082509866984
2010T4,2010,Orange,780.75,8281.970000000001,0.09427104903784968,4,11805279.0,402805.86,58384.0,8575.0,672713.0,1750564.3333333333,3075.58,3071.0,402.06,1121238.0,10667133.0,1373769.0,0.0,1121238.0,1.8673076923076921,0.7903141975948935,790.38,783.49,0.0,0.03412082509866984
2011T1,2011,Orange,775.76,7842.34,0.09891945516261727,1,11805279.0,402805.86,58384.0,8575.0,684276.0,1750564.3333333333,3245.5,3002.0,989.99,1265343.0,11113530.0,2973625.0,0.0,1265343.0,2.169230769230769,0.8332639488460156,780.75,744.55,0.0,0.03412082509866984
2011T2,2011,Orange,802.69,7893.9,0.10168484526026426,2,11805279.0,402805.86,58384.0,8575.0,611783.0,1750564.3333333333,3245.5,3002.0,989.99,1265343.0,11113530.0,2973625.0,0.0,1265343.0,2.169230769230769,0.8332639488460156,775.76,764.76,0.0,0.03412082509866984
2011T3,2011,Orange,837.03,7678.09,0.10901539315116128,3,11805279.0,402805.86,58384.0,8575.0,668668.0,1750564.3333333333,3245.5,3002.0,989.99,1265343.0,11113530.0,2973625.0,0.0,1265343.0,2.169230769230769,0.8332639488460156,802.69,790.38,0.0,0.03412082509866984
2011T4,2011,Orange,830.02,7857.62,0.1056324943176178,4,11805279.0,402805.86,58384.0,8575.0,702730.0,1750564.3333333333,3245.5,3002.0,989.99,1265343.0,11113530.0,2973625.0,0.0,1265343.0,2.169230769230769,0.8332639488460156,837.03,780.75,0.0,0.03412082509866984
2012T1,2012,Orange,809.34,7294.14,0.1109575631945644,1,11805279.0,402805.86,58384.0,8575.0,642977.0,1750564.3333333333,3337.49,3962.0,479.87,1395998.0,11360186.0,4926842.0,0.0,1395998.0,2.376923076923077,0.8875203139603667,830.02,775.76,0.0,0.03412082509866984
2012T2,2012,Orange,841.28,7156.88,0.11754842892433574,2,11805279.0,402805.86,58384.0,8575.0,569988.0,1750564.3333333333,3337.49,3962.0,479.87,1395998.0,11360186.0,4926842.0,0.0,1395998.0,2.376923076923077,0.8875203139603667,809.34,802.69,0.0,0.03412082509866984
2012T3,2012,Orange,844.47,6903.05,0.1223328818420843,3,11805279.0,402805.86,58384.0,8575.0,622893.0,1750564.3333333333,3337.49,3962.0,479.87,1395998.0,11360186.0,4926842.0,0.0,1395998.0,2.376923076923077,0.8875203139603667,841.28,837.03,0.0,0.03412082509866984
2012T4,2012,Orange,842.42,7082.76,0.11893950945676543,4,11805279.0,402805.86,58384.0,8575.0,696352.0,1750564.3333333333,3337.49,3962.0,479.87,1395998.0,11360186.0,4926842.0,0.0,1395998.0,2.376923076923077,0.8875203139603667,844.47,830.02,0.0,0.03412082509866984
2013T1,2013,Orange,822.33,6534.01,0.12585380187664236,1,11805279.0,402805.86,58384.0,8575.0,804078.0,1750564.3333333333,3404.86,3986.0,588.65,1692543.0,11937435.0,6943750.0,0.0,1692543.0,2.9384615384615387,1.0544311441281462,842.42,809.34,0.0,0.03412082509866984
2013T2,2013,Orange,854.34,6664.99,0.12818323808437823,2,11805279.0,402805.86,58384.0,8575.0,772710.0,1750564.3333333333,3404.86,3986.0,588.65,1692543.0,11937435.0,6943750.0,0.0,1692543.0,2.9384615384615387,1.0544311441281462,822.33,841.28,0.0,0.03412082509866984
2013T3,2013,Orange,887.21,6451.23,0.13752571215101617,3,11805279.0,402805.86,58384.0,8575.0,712412.0,1750564.3333333333,3404.86,3986.0,588.65,1692543.0,11937435.0,6943750.0,0.0,1692543.0,2.9384615384615387,1.0544311441281462,854.34,844.47,0.0,0.03412082509866984
2013T4,2013,Orange,840.79,6742.71,0.12469615332707472,4,11805279.0,402805.86,58384.0,8575.0,669669.0,1750564.3333333333,3404.86,3986.0,588.65,1692543.0,11937435.0,6943750.0,0.0,1692543.0,2.9384615384615387,1.0544311441281462,887.21,842.42,0.0,0.03412082509866984
2014T1,2014,Orange,819.88,6190.26,0.1324467792952154,1,11805279.0,402805.86,58384.0,8575.0,710179.0,1750564.3333333333,3204.5,4008.0,587.77,1965151.0,12205992.0,8115779.0,0.0,1965151.0,1.8568627450980393,1.8932140309836032,840.79,822.33,0.0,0.03412082509866984
2014T2,2014,Orange,783.8,6162.58,0.12718698986463461,2,11805279.0,402805.86,58384.0,8575.0,601468.0,1361209.5,3204.5,4008.0,587.77,1965151.0,12205992.0,8115779.0,0.0,1965151.0,1.8568627450980393,1.8932140309836032,819.88,854.34,0.0,0.03412082509866984
2014T3,2014,Orange,795.73,5944.42,0.13386167195453888,3,11805279.0,402805.86,58384.0,8575.0,707820.0,934960.5,3204.5,4008.0,587.77,1965151.0,12205992.0,8115779.0,0.0,1965151.0,1.8568627450980393,1.8932140309836032,783.8,887.21,0.0,0.03412082509866984
2014T4,2014,Orange,797.43,6359.17,0.12539844036250014,4,11805279.0,402805.86,58384.0,8575.0,771706.0,973205.6666666666,3204.5,4008.0,587.77,1965151.0,12205992.0,8115779.0,0.0,1965151.0,1.8568627450980393,1.8932140309836032,795.73,840.79,0.0,0.03412082509866984
2015T1,2015,Orange,761.61,5959.72,0.12779291644573906,1,11805279.0,402805.86,58384.0,8575.0,736935.0,999614.3333333334,3048.08,3984.0,680.97,2143921.0,12597652.0,8886782.0,0.0,2143921.0,2.0346153846153845,1.7206777413187375,797.43,819.88,0.0,0.03412082509866984
2015T2,2015,Orange,738.29,6123.11,0.12057434865615675,2,11805279.0,402805.86,58384.0,8575.0,589543.0,1015927.5,3048.08,3984.0,680.97,2143921.0,12597652.0,8886782.0,0.0,2143921.0,2.0346153846153845,1.7206777413187375,761.61,783.8,0.0,0.03412082509866984
2015T3,2015,Orange,1037.04,6006.46,0.17265410907589496,3,11805279.0,402805.86,58384.0,8575.0,740711.0,1175859.75,3048.08,3984.0,680.97,2143921.0,12597652.0,8886782.0,0.0,2143921.0,2.0346153846153845,1.7206777413187375,738.29,795.73,0.0,0.03412082509866984
2015T4,2015,Orange,1027.75,6229.639999999999,0.16497743047752358,4,11805279.0,402805.86,58384.0,8575.0,830784.0,1244573.4444444445,3048.08,3984.0,680.97,2143921.0,12597652.0,8886782.0,0.0,2143921.0,2.0346153846153845,1.7206777413187375,1037.04,797.43,0.0,0.03412082509866984
2016T1,2016,Orange,1010.31,5935.200000000001,0.17022341285887582,1,11805279.0,402805.86,58384.0,8575.0,873356.0,1263088.111111111,4211.65,5301.0,1143.33,3940338.0,15413646.0,11732045.0,0.0,3940338.0,2.385064935064935,2.278796335975183,1027.75,761.61,0.0,0.03412082509866984
2016T2,2016,Orange,1035.53,6136.7,0.16874378737758078,2,11805279.0,402805.86,58384.0,8575.0,853477.0,1275412.6666666667,4211.65,5301.0,1143.33,3940338.0,15413646.0,11732045.0,0.0,3940338.0,2.385064935064935,2.278796335975183,1010.31,738.29,0.0,0.03412082509866984
2016T3,2016,Orange,1074.73,6036.61,0.17803535427996842,3,11805279.0,402805.86,58384.0,8575.0,888668.0,1285886.4444444445,4211.65,5301.0,1143.33,3940338.0,15413646.0,11732045.0,0.0,3940338.0,2.385064935064935,2.278796335975183,1035.53,1037.04,0.0,0.03412082509866984
2016T4,2016,Orange,1089.42,6352.95,0.1714825396075839,4,11805279.0,402805.86,58384.0,8575.0,900351.0,1310100.7777777778,4211.65,5301.0,1143.33,3940338.0,15413646.0,11732045.0,0.0,3940338.0,2.385064935064935,2.278796335975183,1074.73,1027.75,0.0,0.03412082509866984
2017T1,2017,Orange,1088.71,6043.02,0.18015992003998,1,11805279.0,402805.86,58384.0,8575.0,931855.0,1320001.7777777778,4485.15,5448.0,1152.77,3970984.0,15559934.0,12013771.0,0.0,3970984.0,2.3075,2.01077443699635,1089.42,1010.31,0.0,0.03412082509866984
2017T2,2017,Orange,1112.41,6240.780000000001,0.17824855226430028,2,11805279.0,402805.86,58384.0,8575.0,796142.0,1195397.3,4485.15,5448.0,1152.77,3970984.0,15559934.0,12013771.0,0.0,3970984.0,2.3075,2.01077443699635,1088.71,1035.53,0.0,0.03412082509866984
2017T3,2017,Orange,1141.71,6160.889999999999,0.18531575795055588,3,11805279.0,402805.86,58384.0,8575.0,932384.0,994303.4166666666,4485.15,5448.0,1152.77,3970984.0,15559934.0,12013771.0,0.0,3970984.0,2.3075,2.01077443699635,1112.41,1074.73,0.0,0.03412082509866984
2017T4,2017,Orange,1143.48,6460.870000000001,0.17698545242358998,4,11805279.0,402805.86,58384.0,8575.0,1081806.0,992496.6666666666,4485.15,5448.0,1152.77,3970984.0,15559934.0,12013771.0,0.0,3970984.0,2.3075,2.01077443699635,1141.71,1089.42,0.0,0.03412082509866984
2018T1,2018,Orange,1105.81,6126.73,0.18048942910818658,1,11805279.0,402805.86,58384.0,8575.0,994842.0,993397.5,4471.92,5626.0,1337.8,3997257.0,15731596.0,11987610.0,0.0,3997257.0,2.32625,2.237347022281793,1143.48,1088.71,0.0,0.03412082509866984
2018T2,2018,Orange,1116.71,6322.700000000001,0.17661916586268522,2,11805279.0,402805.86,58384.0,8575.0,943982.0,990428.25,4471.92,5626.0,1337.8,3997257.0,15731596.0,11987610.0,0.0,3997257.0,2.32625,2.237347022281793,1105.81,1112.41,0.0,0.03412082509866984
2018T3,2018,Orange,1117.48,6066.049999999999,0.18421872552979288,3,11805279.0,402805.86,58384.0,8575.0,928279.0,989318.0,4471.92,5626.0,1337.8,3997257.0,15731596.0,11987610.0,0.0,3997257.0,2.32625,2.237347022281793,1116.71,1141.71,0.0,0.03412082509866984
2018T4,2018,Orange,1133.66,6406.96,0.1769419506286913,4,11805279.0,402805.86,58384.0,8575.0,931704.0,998514.4166666666,4471.92,5626.0,1337.8,3997257.0,15731596.0,11987610.0,0.0,3997257.0,2.32625,2.237347022281793,1117.48,1143.48,0.0,0.03412082509866984
2019T1,2019,Orange,1084.7,6156.68,0.176182617904455,1,11805279.0,402805.86,58384.0,8575.0,948563.0,996478.1666666666,4301.09,5794.0,1005.03,3936114.0,16001802.0,12064732.0,0.0,3936114.0,3.5,2.3935899246263395,1133.66,1105.81,0.0,0.03412082509866984
2019T2,2019,Orange,1077.36,6207.2699999999995,0.17356422388586287,2,11805279.0,402805.86,58384.0,8575.0,835342.0,991387.3333333334,4301.09,5794.0,1005.03,3936114.0,16001802.0,12064732.0,0.0,3936114.0,3.5,2.3935899246263395,1084.7,1116.71,0.0,0.03412082509866984
2019T3,2019,Orange,1053.59,6000.469999999999,0.17558457920796205,3,11805279.0,402805.86,58384.0,8575.0,921250.0,986517.4166666666,4301.09,5794.0,1005.03,3936114.0,16001802.0,12064732.0,0.0,3936114.0,3.5,2.3935899246263395,1077.36,1117.48,0.0,0.03412082509866984
2019T4,2019,Orange,1074.42,6377.77,0.1684632716451048,4,11805279.0,402805.86,58384.0,8575.0,929802.0,987201.5,4301.09,5794.0,1005.03,3936114.0,16001802.0,12064732.0,0.0,3936114.0,3.5,2.3935899246263395,1053.59,1133.66,0.0,0.03412082509866984
2020T1,2020,Orange,1029.03,5875.04,0.1751528500231488,1,11805279.0,402805.86,58384.0,8575.0,791565.0,973940.0833333334,3952.9,5891.0,1135.24,3885013.0,15596504.0,11491319.0,0.0,3885013.0,2.401863354037267,2.7891636750487017,1074.42,1084.7,0.0,0.03412082509866984
2020T2,2020,Orange,978.38,5506.59,0.17767438650780246,2,11805279.0,402805.86,58384.0,8575.0,471186.0,961823.25,3952.9,5891.0,1135.24,3885013.0,15596504.0,11491319.0,0.0,3885013.0,2.401863354037267,2.7891636750487017,1029.03,1077.36,0.0,0.03412082509866984
2020T3,2020,Orange,981.38,5745.799999999999,0.17079954053395527,3,11805279.0,402805.86,58384.0,8575.0,956182.0,954908.5,3952.9,5891.0,1135.24,3885013.0,15596504.0,11491319.0,0.0,3885013.0,2.401863354037267,2.7891636750487017,978.38,1053.59,0.0,0.03412082509866984
2020T4,2020,Orange,963.97,6027.1,0.15993927427784507,4,11805279.0,402805.86,58384.0,8575.0,988480.0,969299.75,3952.9,5891.0,1135.24,3885013.0,15596504.0,11491319.0,0.0,3885013.0,2.401863354037267,2.7891636750487017,981.38,1074.42,0.0,0.03412082509866984
2021T1,2021,Orange,981.58,5620.51,0.1746425146472473,1,11805279.0,402805.86,58384.0,8575.0,852169.0,972841.5,3841.34,5430.0,1515.67,3890925.0,15971466.0,11486986.0,0.0,3890925.0,2.429375,3.022569128278148,963.97,1029.03,0.0,0.03412082509866984
2021T2,2021,Orange,958.6,5711.33,0.16784181617941882,2,11805279.0,402805.86,58384.0,8575.0,719505.0,971806.25,3841.34,5430.0,1515.67,3890925.0,15971466.0,11486986.0,0.0,3890925.0,2.429375,3.022569128278148,981.58,978.38,0.0,0.03412082509866984
2021T3,2021,Orange,954.49,5549.75,0.1719879273841164,3,11805279.0,402805.86,58384.0,8575.0,714267.0,969357.75,3841.34,5430.0,1515.67,3890925.0,15971466.0,11486986.0,0.0,3890925.0,2.429375,3.022569128278148,958.6,981.38,0.0,0.03412082509866984
2021T4,2021,Orange,951.21,6100.32,0.15592788575025573,4,11805279.0,402805.86,58384.0,8575.0,727589.0,972918.0833333334,3841.34,5430.0,1515.67,3890925.0,15971466.0,11486986.0,0.0,3890925.0,2.429375,3.022569128278148,954.49,963.97,0.0,0.03412082509866984
2022T1,2022,Orange,942.11,5699.9,0.16528535588343657,1,11805279.0,402805.86,58384.0,8575.0,672198.0,971708.75,3805.47,5294.0,1044.95,3851321.0,16706417.0,11422459.0,0.0,3851321.0,2.429559748427673,3.142895413007524,951.21,981.58,0.0,0.03412082509866984
2022T2,2022,Orange,934.48,5673.99,0.16469539072152048,2,11805279.0,402805.86,58384.0,8575.0,593415.0,968126.0833333334,3805.47,5294.0,1044.95,3851321.0,16706417.0,11422459.0,0.0,3851321.0,2.429559748427673,3.142895413007524,942.11,958.6,0.0,0.03412082509866984
2022T3,2022,Orange,950.56,5535.74,0.1717132668803087,3,11805279.0,402805.86,58384.0,8575.0,637850.0,963889.25,3805.47,5294.0,1044.95,3851321.0,16706417.0,11422459.0,0.0,3851321.0,2.429559748427673,3.142895413007524,934.48,954.49,0.0,0.03412082509866984
2022T4,2022,Orange,978.33,6069.53,0.1611871100398219,4,12216387.0,389608.56,59458.0,10005.0,635982.0,964059.25,3805.47,5294.0,1044.95,3851321.0,16706417.0,11422459.0,0.0,3851321.0,2.429559748427673,3.142895413007524,950.56,951.21,0.0,0.03189229024915468
2023T1,2023,Orange,980.06,5624.21,0.1742573623673369,1,12501368.0,412595.75,60462.0,10993.0,637740.0,993915.25,3934.44,5283.0,938.14,3937568.0,17545938.0,11391358.0,0.0,3937568.0,2.4598765432098766,3.174891006620291,978.33,942.11,0.0,0.033004048036982835
2023T2,2023,Orange,973.11,5646.11,0.1723505209781602,2,12596777.0,434843.08999999997,61482.0,11932.0,560022.0,991145.25,3934.44,5283.0,938.14,3937568.0,17545938.0,11391358.0,0.0,3937568.0,2.4598765432098766,3.174891006620291,980.06,934.48,0.0,0.03452018639371007
2023T3,2023,Orange,977.36,5557.14,0.17587464055251442,3,13281137.0,486080.38,62778.0,12971.0,539115.0,989023.0833333334,3934.44,5283.0,938.14,3937568.0,17545938.0,11391358.0,0.0,3937568.0,2.4598765432098766,3.174891006620291,973.11,950.56,0.0,0.03659930471314316
2023T4,2023,Orange,1003.91,6014.7300000000005,0.16690857278714089,4,13804077.0,435426.08,63868.0,13673.0,557787.0,985840.3333333334,3934.44,5283.0,938.14,3937568.0,17545938.0,11391358.0,0.0,3937568.0,2.4598765432098766,3.174891006620291,977.36,978.33,0.0,0.03154329550610302
2024T1,2024,Orange,968.71,5658.139999999999,0.17120643886506876,1,14497614.0,431176.68,65089.0,14118.0,547415.0,960627.3333333334,3788.3,4947.0,1054.29,3775547.0,18936305.0,11226526.0,0.0,3937568.0,2.4598765432098766,3.174891006620291,1003.91,980.06,0.0,0.029741216727111094
2005T1,2005,Resto,1828.49,7610.59,0.24025601168897548,1,0.0,0.0,0.0,0.0,0.0,886295.5,8646.63,27771.0,1537.04,56089.0,0.0,0.0,0.0,163280.0,0.1745762711864407,0.23321844815609272,1828.49,1828.49,0.0,0.0
2005T2,2005,Resto,2059.72,8158.95,0.2524491509324116,2,0.0,0.0,0.0,0.0,0.0,886295.5,8646.63,27771.0,1537.04,56089.0,0.0,0.0,0.0,163280.0,0.1745762711864407,0.23321844815609272,1828.49,1828.49,0.0,0.0
2005T3,2005,Resto,1576.04,7765.95,0.20294233158853714,3,0.0,0.0,0.0,0.0,0.0,886295.5,8646.63,27771.0,1537.04,56089.0,0.0,0.0,0.0,163280.0,0.1745762711864407,0.23321844815609272,2059.72,1828.49,0.0,0.0
2006T1,2006,Resto,1976.94,8041.86,0.24583118830718267,1,0.0,0.0,0.0,0.0,0.0,886295.5,9236.4,28890.0,1537.04,89893.0,0.0,0.0,0.0,163280.0,0.1745762711864407,0.23321844815609272,1576.04,1828.49,0.0,0.0
2006T2,2006,Resto,2164.75,8435.880000000001,0.25661223251160514,2,0.0,0.0,0.0,0.0,0.0,886295.5,9236.4,28890.0,1537.04,89893.0,0.0,0.0,0.0,163280.0,0.1745762711864407,0.23321844815609272,1976.94,1828.49,0.0,0.0
2006T3,2006,Resto,1681.23,8207.19,0.2048484316800269,3,0.0,0.0,0.0,0.0,0.0,886295.5,9236.4,28890.0,1537.04,89893.0,0.0,0.0,0.0,163280.0,0.1745762711864407,0.23321844815609272,2164.75,2059.72,0.0,0.0
2006T4,2006,Resto,2196.37,8784.47,0.2500287439082836,4,0.0,0.0,0.0,0.0,0.0,886295.5,9236.4,28890.0,1537.04,89893.0,0.0,0.0,0.0,163280.0,0.1745762711864407,0.23321844815609272,1681.23,1576.04,0.0,0.0
2007T1,2007,Resto,2095.86,8649.5,0.24230996011330136,1,0.0,0.0,0.0,0.0,0.0,886295.5,9708.14,31831.0,1528.96,155272.0,0.0,0.0,0.0,163280.0,0.1745762711864407,0.23321844815609272,2196.37,1976.94,0.0,0.0
2007T2,2007,Resto,2303.52,9100.74,0.25311348307939796,2,0.0,0.0,0.0,0.0,0.0,931899.8333333334,9708.14,31831.0,1528.96,155272.0,0.0,0.0,0.0,163280.0,0.1745762711864407,0.23321844815609272,2095.86,2164.75,0.0,0.0
2007T3,2007,Resto,1790.62,8574.07,0.20884130873669096,3,0.0,0.0,0.0,0.0,0.0,961041.5,9708.14,31831.0,1528.96,155272.0,0.0,0.0,0.0,163280.0,0.1745762711864407,0.23321844815609272,2303.52,1681.23,0.0,0.0
2007T4,2007,Resto,2340.14,9216.68,0.25390270683152716,4,0.0,0.0,0.0,0.0,0.0,1014318.8333333334,9708.14,31831.0,1528.96,155272.0,0.0,0.0,0.0,163280.0,0.1745762711864407,0.23321844815609272,1790.62,2196.37,0.0,0.0
2008T1,2008,Resto,2137.15,8854.29,0.2413688731676961,1,0.0,0.0,0.0,0.0,0.0,1069947.1666666667,9741.96,29166.0,1396.58,190566.0,0.0,0.0,0.0,190566.0,0.22868852459016392,0.36397246017803747,2340.14,2095.86,0.0,0.0
2008T2,2008,Resto,2322.08,9158.19,0.25355228489472265,2,0.0,0.0,0.0,0.0,0.0,1107225.5,9741.96,29166.0,1396.58,190566.0,0.0,0.0,0.0,190566.0,0.22868852459016392,0.36397246017803747,2137.15,2303.52,0.0,0.0
2008T3,2008,Resto,1799.43,8793.75,0.204626012793177,3,0.0,0.0,0.0,0.0,0.0,1124467.5,9741.96,29166.0,1396.58,190566.0,0.0,0.0,0.0,190566.0,0.22868852459016392,0.36397246017803747,2322.08,1790.62,0.0,0.0
2008T4,2008,Resto,2251.37,9022.91,0.24951706267711857,4,0.0,0.0,0.0,0.0,0.0,1169437.0,9741.96,29166.0,1396.58,190566.0,0.0,0.0,0.0,190566.0,0.22868852459016392,0.36397246017803747,1799.43,2340.14,0.0,0.0
2009T1,2009,Resto,1984.67,8418.369999999999,0.23575466509549953,1,0.0,0.0,0.0,0.0,0.0,1228035.3333333333,8656.99,28664.0,1061.19,210791.0,0.0,0.0,0.0,210791.0,0.22426470588235295,0.46579224800403624,2251.37,2137.15,0.0,0.0
2009T2,2009,Resto,2008.4,8436.57,0.23805883196607153,2,0.0,0.0,0.0,0.0,0.0,1280754.6666666667,8656.99,28664.0,1061.19,210791.0,0.0,0.0,0.0,210791.0,0.22426470588235295,0.46579224800403624,1984.67,2322.08,0.0,0.0
2009T3,2009,Resto,1678.27,8156.73,0.20575279554429288,3,0.0,0.0,0.0,0.0,0.0,1307836.5,8656.99,28664.0,1061.19,210791.0,0.0,0.0,0.0,210791.0,0.22426470588235295,0.46579224800403624,2008.4,1799.43,0.0,0.0
2009T4,2009,Resto,2078.65,8748.79,0.23759285569775934,4,0.0,0.0,0.0,0.0,0.0,1370303.3333333333,8656.99,28664.0,1061.19,210791.0,0.0,0.0,0.0,210791.0,0.22426470588235295,0.46579224800403624,1678.27,2251.37,0.0,0.0
2010T1,2010,Resto,1949.71,8025.99,0.24292454887185258,1,0.0,0.0,0.0,0.0,0.0,968179.6666666666,8728.63,26815.0,1120.74,264017.0,0.0,0.0,0.0,264102.0,0.2204968944099379,0.47737799651093576,2078.65,1984.67,0.0,0.0
2010T2,2010,Resto,2067.54,8244.29,0.2507844823508149,2,0.0,0.0,0.0,0.0,0.0,1017245.3333333334,8728.63,26815.0,1120.74,264017.0,0.0,0.0,0.0,264102.0,0.2204968944099379,0.47737799651093576,1949.71,2008.4,0.0,0.0
2010T3,2010,Resto,1815.02,8061.93,0.22513467618795993,3,0.0,0.0,0.0,0.0,0.0,1045378.8888888889,8728.63,26815.0,1120.74,264017.0,0.0,0.0,0.0,264102.0,0.2204968944099379,0.47737799651093576,2067.54,1678.27,0.0,0.0
2010T4,2010,Resto,2101.61,8281.970000000001,0.25375725823686873,4,0.0,0.0,0.0,0.0,0.0,1096843.4444444445,8728.63,26815.0,1120.74,264017.0,0.0,0.0,0.0,264102.0,0.2204968944099379,0.47737799651093576,1815.02,2078.65,0.0,0.0
2011T1,2011,Resto,1992.29,7842.34,0.25404279845046246,1,0.0,0.0,0.0,0.0,0.0,1147262.3333333333,8578.67,25596.0,1082.55,289128.0,0.0,0.0,0.0,289128.0,0.27338709677419354,0.5366425088186525,2101.61,1949.71,0.0,0.0
2011T2,2011,Resto,2060.7,7893.9,0.2610496712651541,2,0.0,0.0,0.0,0.0,0.0,1192314.4444444445,8578.67,25596.0,1082.55,289128.0,0.0,0.0,0.0,289128.0,0.27338709677419354,0.5366425088186525,1992.29,2067.54,0.0,0.0
2011T3,2011,Resto,1893.3,7678.09,0.24658476261674453,3,0.0,0.0,0.0,0.0,0.0,1232919.7777777778,8578.67,25596.0,1082.55,289128.0,0.0,0.0,0.0,289128.0,0.27338709677419354,0.5366425088186525,2060.7,1815.02,0.0,0.0
2011T4,2011,Resto,2109.89,7857.62,0.2685151483528091,4,0.0,0.0,0.0,0.0,0.0,1288016.7777777778,8578.67,25596.0,1082.55,289128.0,0.0,0.0,0.0,289128.0,0.27338709677419354,0.5366425088186525,1893.3,2101.61,0.0,0.0
2012T1,2012,Resto,1977.27,7294.14,0.27107650799134647,1,0.0,0.0,0.0,0.0,0.0,1324447.3333333333,8429.96,21340.0,966.48,274814.0,0.0,0.0,0.0,274814.0,0.27338709677419354,0.47027217010843253,2109.89,1992.29,0.0,0.0
2012T2,2012,Resto,2001.55,7156.88,0.2796679558690379,2,0.0,0.0,0.0,0.0,0.0,1347654.0,8429.96,21340.0,966.48,274814.0,0.0,0.0,0.0,274814.0,0.27338709677419354,0.47027217010843253,1977.27,2060.7,0.0,0.0
2012T3,2012,Resto,1905.22,6903.05,0.27599684197564844,3,0.0,0.0,0.0,0.0,0.0,1364882.5555555555,8429.96,21340.0,966.48,274814.0,0.0,0.0,0.0,274814.0,0.27338709677419354,0.47027217010843253,2001.55,1893.3,0.0,0.0
2012T4,2012,Resto,2076.31,7082.76,0.29314984554043905,4,0.0,0.0,0.0,0.0,0.0,1400883.2222222222,8429.96,21340.0,966.48,274814.0,0.0,0.0,0.0,274814.0,0.27338709677419354,0.47027217010843253,1905.22,2109.89,0.0,0.0
2013T1,2013,Resto,1939.73,6534.01,0.29686670207116306,1,0.0,0.0,0.0,0.0,0.0,1429232.7777777778,8464.72,19495.0,1042.5,306374.0,0.0,0.0,0.0,306374.0,0.2589403973509934,0.5974692765522267,2076.31,1977.27,0.0,0.0
2013T2,2013,Resto,2031.83,6664.99,0.3048511700692724,2,0.0,0.0,0.0,0.0,0.0,1468427.5555555555,8464.72,19495.0,1042.5,306374.0,0.0,0.0,0.0,306374.0,0.2589403973509934,0.5974692765522267,1939.73,2001.55,0.0,0.0
2013T3,2013,Resto,1890.24,6451.23,0.29300458982240596,3,0.0,0.0,0.0,0.0,0.0,1511090.0,8464.72,19495.0,1042.5,306374.0,0.0,0.0,0.0,306374.0,0.2589403973509934,0.5974692765522267,2031.83,1905.22,0.0,0.0
2013T4,2013,Resto,2190.56,6742.71,0.32487827594542845,4,0.0,0.0,0.0,0.0,0.0,1578658.111111111,8464.72,19495.0,1042.5,306374.0,0.0,0.0,0.0,306374.0,0.2589403973509934,0.5974692765522267,1890.24,2076.31,0.0,0.0
2014T1,2014,Resto,1956.36,6190.26,0.3160384216494945,1,0.0,0.0,0.0,0.0,0.0,85599.16666666667,8282.64,18503.0,1696.35,335180.0,0.0,0.0,0.0,335180.0,0.2415204678362573,0.4621891939987256,2190.56,1939.73,0.0,0.0
2014T2,2014,Resto,2039.57,6162.58,0.3309604094389038,2,0.0,0.0,0.0,0.0,0.0,85312.5,8282.64,18503.0,1696.35,335180.0,0.0,0.0,0.0,335180.0,0.2415204678362573,0.4621891939987256,1956.36,2031.83,0.0,0.0
2014T3,2014,Resto,1534.93,5944.42,0.2582135851773596,3,0.0,0.0,0.0,0.0,0.0,84990.91666666667,8282.64,18503.0,1696.35,335180.0,0.0,0.0,0.0,335180.0,0.2415204678362573,0.4621891939987256,2039.57,1890.24,0.0,0.0
2014T4,2014,Resto,1782.63,6359.17,0.28032431905421623,4,0.0,0.0,0.0,0.0,0.0,91066.41666666667,8282.64,18503.0,1696.35,335180.0,0.0,0.0,0.0,335180.0,0.2415204678362573,0.4621891939987256,1534.93,2190.56,0.0,0.0
2015T1,2015,Resto,1652.22,5959.72,0.2772311450873531,1,0.0,0.0,0.0,0.0,0.0,93820.75,6987.38,18810.0,1223.17,379256.0,0.0,0.0,0.0,379256.0,0.24064171122994651,0.4116000968855518,1782.63,1956.36,0.0,0.0
2015T2,2015,Resto,1526.81,6123.11,0.2493520449575461,2,0.0,0.0,0.0,0.0,0.0,94914.41666666667,6987.38,18810.0,1223.17,379256.0,0.0,0.0,0.0,379256.0,0.24064171122994651,0.4116000968855518,1652.22,2039.57,0.0,0.0
2015T3,2015,Resto,1108.97,6006.46,0.18462954885240224,3,0.0,0.0,0.0,0.0,0.0,95632.16666666667,6987.38,18810.0,1223.17,379256.0,0.0,0.0,0.0,379256.0,0.24064171122994651,0.4116000968855518,1526.81,1534.93,0.0,0.0
2015T4,2015,Resto,1295.78,6229.639999999999,0.20800238858104161,4,0.0,0.0,0.0,0.0,0.0,60085.5,6987.38,18810.0,1223.17,379256.0,0.0,0.0,0.0,379256.0,0.24064171122994651,0.4116000968855518,1108.97,1782.63,0.0,0.0
2016T1,2016,Resto,1178.42,5935.200000000001,0.198547647930988,1,0.0,0.0,0.0,0.0,0.0,41920.333333333336,5106.04,16704.0,478.55,379459.0,0.0,0.0,0.0,457453.0,0.2635416666666667,0.38590881153485507,1295.78,1652.22,0.0,0.0
2016T2,2016,Resto,1288.78,6136.7,0.21001189564423875,2,0.0,0.0,0.0,0.0,0.0,42770.916666666664,5106.04,16704.0,478.55,379459.0,0.0,0.0,0.0,457453.0,0.2635416666666667,0.38590881153485507,1178.42,1526.81,0.0,0.0
2016T3,2016,Resto,1094.04,6036.61,0.18123416950904564,3,0.0,0.0,0.0,0.0,0.0,47737.333333333336,5106.04,16704.0,478.55,379459.0,0.0,0.0,0.0,457453.0,0.2635416666666667,0.38590881153485507,1288.78,1108.97,0.0,0.0
2016T4,2016,Resto,1080.74,6352.95,0.1701162452089187,4,0.0,0.0,0.0,0.0,0.0,32119.75,5106.04,16704.0,478.55,379459.0,0.0,0.0,0.0,457453.0,0.2635416666666667,0.38590881153485507,1094.04,1295.78,0.0,0.0
2017T1,2017,Resto,961.8,6043.02,0.15915883118043625,1,0.0,0.0,0.0,0.0,0.0,32382.833333333332,4251.72,16731.0,379.02,320778.0,0.0,0.0,0.0,320778.0,0.16963350785340314,0.4323976869889797,1080.74,1178.42,0.0,0.0
2017T2,2017,Resto,1037.43,6240.780000000001,0.16623402843875285,2,0.0,0.0,0.0,0.0,0.0,32104.333333333332,4251.72,16731.0,379.02,320778.0,0.0,0.0,0.0,320778.0,0.16963350785340314,0.4323976869889797,961.8,1288.78,0.0,0.0
2017T3,2017,Resto,870.39,6160.889999999999,0.14127666619595547,3,0.0,0.0,0.0,0.0,0.0,3247.8333333333335,4251.72,16731.0,379.02,320778.0,0.0,0.0,0.0,320778.0,0.16963350785340314,0.4323976869889797,1037.43,1094.04,0.0,0.0
2017T4,2017,Resto,1096.64,6460.870000000001,0.16973565479571637,4,0.0,0.0,0.0,0.0,0.0,3183.1666666666665,4251.72,16731.0,379.02,320778.0,0.0,0.0,0.0,320778.0,0.16963350785340314,0.4323976869889797,870.39,1080.74,0.0,0.0
2018T1,2018,Resto,943.35,6126.73,0.15397283705989984,1,0.0,0.0,0.0,0.0,0.0,3204.6666666666665,4119.09,17330.0,314.48,330552.0,0.0,0.0,0.0,338549.0,0.16565656565656567,0.48556035265806513,1096.64,961.8,0.0,0.0
2018T2,2018,Resto,1044.69,6322.700000000001,0.16522846252392173,2,0.0,0.0,0.0,0.0,0.0,3203.6666666666665,4119.09,17330.0,314.48,330552.0,0.0,0.0,0.0,338549.0,0.16565656565656567,0.48556035265806513,943.35,1037.43,0.0,0.0
2018T3,2018,Resto,827.66,6066.049999999999,0.1364413415649393,3,0.0,0.0,0.0,0.0,0.0,3145.6666666666665,4119.09,17330.0,314.48,330552.0,0.0,0.0,0.0,338549.0,0.16565656565656567,0.48556035265806513,1044.69,870.39,0.0,0.0
2018T4,2018,Resto,1066.32,6406.96,0.16643150573751045,4,0.0,0.0,0.0,0.0,0.0,3103.5,4119.09,17330.0,314.48,330552.0,0.0,0.0,0.0,338549.0,0.16565656565656567,0.48556035265806513,827.66,1096.64,0.0,0.0
2019T1,2019,Resto,948.35,6156.68,0.15403594144896274,1,0.0,0.0,0.0,0.0,0.0,2995.1666666666665,4096.88,17718.0,1075.4,394243.0,0.0,0.0,0.0,475315.0,0.23419689119170983,0.5700616766619364,1066.32,943.35,0.0,0.0
2019T2,2019,Resto,1003.7,6207.2699999999995,0.16169749342303463,2,0.0,0.0,0.0,0.0,0.0,2957.1666666666665,4096.88,17718.0,1075.4,394243.0,0.0,0.0,0.0,475315.0,0.23419689119170983,0.5700616766619364,948.35,1044.69,0.0,0.0
2019T3,2019,Resto,821.17,6000.469999999999,0.13685094667584374,3,0.0,0.0,0.0,0.0,0.0,2919.1666666666665,4096.88,17718.0,1075.4,394243.0,0.0,0.0,0.0,475315.0,0.23419689119170983,0.5700616766619364,1003.7,827.66,0.0,0.0
2019T4,2019,Resto,1109.09,6377.77,0.17389934099222767,4,0.0,0.0,0.0,0.0,0.0,2703.0,4096.88,17718.0,1075.4,394243.0,0.0,0.0,0.0,475315.0,0.23419689119170983,0.5700616766619364,821.17,1066.32,0.0,0.0
2020T1,2020,Resto,890.1,5875.04,0.1515053514529263,1,0.0,0.0,0.0,0.0,0.0,2600.0,3680.73,17540.0,624.26,428994.0,0.0,0.0,0.0,633663.0,0.32085561497326204,0.75934558377594,1109.09,948.35,0.0,0.0
2020T2,2020,Resto,698.88,5506.59,0.12691702124182117,2,0.0,0.0,0.0,0.0,0.0,2496.0,3680.73,17540.0,624.26,428994.0,0.0,0.0,0.0,633663.0,0.32085561497326204,0.75934558377594,890.1,1003.7,0.0,0.0
2020T3,2020,Resto,767.02,5745.799999999999,0.13349229002053675,3,0.0,0.0,0.0,0.0,0.0,2279.6666666666665,3680.73,17540.0,624.26,428994.0,0.0,0.0,0.0,633663.0,0.32085561497326204,0.75934558377594,698.88,821.17,0.0,0.0
2020T4,2020,Resto,1037.56,6027.1,0.17214912644555422,4,0.0,0.0,0.0,0.0,0.0,2191.1666666666665,3680.73,17540.0,624.26,428994.0,0.0,0.0,0.0,633663.0,0.32085561497326204,0.75934558377594,767.02,1109.09,0.0,0.0
2021T1,2021,Resto,809.6,5620.51,0.1440438679052257,1,0.0,0.0,0.0,0.0,0.0,2116.0,4600.75,18576.0,1335.02,446199.0,0.0,0.0,0.0,986308.0,0.5016666666666667,1.121724281242272,1037.56,890.1,0.0,0.0
2021T2,2021,Resto,938.24,5711.33,0.1642769722639035,2,0.0,0.0,0.0,0.0,0.0,1598.1666666666667,4600.75,18576.0,1335.02,446199.0,0.0,0.0,0.0,986308.0,0.5016666666666667,1.121724281242272,809.6,698.88,0.0,0.0
2021T3,2021,Resto,641.34,5549.75,0.11556196225055183,3,0.0,0.0,0.0,0.0,0.0,1594.6666666666667,4600.75,18576.0,1335.02,446199.0,0.0,0.0,0.0,986308.0,0.5016666666666667,1.121724281242272,938.24,767.02,0.0,0.0
2021T4,2021,Resto,882.21,6100.32,0.14461700369816666,4,0.0,0.0,0.0,0.0,0.0,1607.3333333333333,4600.75,18576.0,1335.02,446199.0,0.0,0.0,0.0,986308.0,0.5016666666666667,1.121724281242272,641.34,1037.56,0.0,0.0
2022T1,2022,Resto,694.51,5699.9,0.12184599729819821,1,0.0,0.0,0.0,0.0,0.0,1624.6666666666667,4368.6,18023.0,1037.91,458011.0,0.0,0.0,0.0,1372959.0,0.6812154696132596,1.454143758361457,882.21,809.6,0.0,0.0
2022T2,2022,Resto,800.56,5673.99,0.1410929522258587,2,0.0,0.0,0.0,0.0,0.0,1678.0,4368.6,18023.0,1037.91,458011.0,0.0,0.0,0.0,1372959.0,0.6812154696132596,1.454143758361457,694.51,938.24,0.0,0.0
2022T3,2022,Resto,728.4,5535.74,0.13158132426739697,3,0.0,0.0,0.0,0.0,0.0,1724.6666666666667,4368.6,18023.0,1037.91,458011.0,0.0,0.0,0.0,1372959.0,0.6812154696132596,1.454143758361457,800.56,641.34,0.0,0.0
2022T4,2022,Resto,1001.97,6069.53,0.16508197504584377,4,0.0,0.0,0.0,0.0,0.0,1758.1666666666667,4368.6,18023.0,1037.91,458011.0,0.0,0.0,0.0,1372959.0,0.6812154696132596,1.454143758361457,728.4,882.21,0.0,0.0
2023T1,2023,Resto,804.09,5624.21,0.1429694125930575,1,0.0,0.0,0.0,0.0,0.0,1787.5,4729.44,18332.0,1445.93,504822.0,0.0,0.0,0.0,1878560.0,0.9811428571428571,1.926296803721138,1001.97,694.51,0.0,0.0
2023T2,2023,Resto,859.8,5646.11,0.1522818365210738,2,0.0,0.0,0.0,0.0,0.0,1808.1666666666667,4729.44,18332.0,1445.93,504822.0,0.0,0.0,0.0,1878560.0,0.9811428571428571,1.926296803721138,804.09,800.56,0.0,0.0
2023T3,2023,Resto,757.85,5557.14,0.13637410610493886,3,0.0,0.0,0.0,0.0,0.0,1804.0,4729.44,18332.0,1445.93,504822.0,0.0,0.0,0.0,1878560.0,0.9811428571428571,1.926296803721138,859.8,728.4,0.0,0.0
2023T4,2023,Resto,1008.17,6014.7300000000005,0.16761683400584895,4,0.0,0.0,0.0,0.0,0.0,1770.8333333333333,4729.44,18332.0,1445.93,504822.0,0.0,0.0,0.0,1878560.0,0.9811428571428571,1.926296803721138,757.85,1001.97,0.0,0.0
2024T1,2024,Resto,886.88,5658.139999999999,0.15674408904693063,1,0.0,0.0,0.0,0.0,0.0,208421.0,5193.83,19941.0,2147.36,1468178.0,0.0,0.0,0.0,1878560.0,0.9811428571428571,1.926296803721138,1008.17,804.09,0.0,0.0
2024T2,2024,Resto,941.48,5563.58,0.16922197577818598,2,0.0,0.0,0.0,0.0,0.0,209254.44444444444,5193.83,19941.0,2147.36,1468178.0,0.0,0.0,0.0,1878560.0,0.9811428571428571,1.926296803721138,886.88,859.8,0.0,0.0
2024T3,2024,Resto,782.84,5516.96,0.14189698674632406,3,0.0,0.0,0.0,0.0,0.0,211363.77777777778,5193.83,19941.0,2147.36,1468178.0,0.0,0.0,0.0,1878560.0,0.9811428571428571,1.926296803721138,941.48,757.85,0.0,0.0
2024T4,2024,Resto,1071.28,5882.75,0.1821053078917173,4,0.0,0.0,0.0,0.0,0.0,187413.53333333333,5193.83,19941.0,2147.36,1468178.0,0.0,0.0,0.0,1878560.0,0.9811428571428571,1.926296803721138,782.84,1008.17,0.0,0.0
2025T1,2025,Resto,910.48,5809.17,0.15673151241915798,1,0.0,0.0,0.0,0.0,0.0,244732.35714285713,5193.83,19941.0,2147.36,1468178.0,0.0,0.0,0.0,1878560.0,0.9811428571428571,1.926296803721138,1071.28,886.88,0.0,0.0
2005T1,2005,Vodafone,966.36,7610.59,0.12697570096405142,1,11787325.0,492509.59,56606.0,3091.0,708543.0,1005555.0,4441.69,4504.0,845.86,66996.0,12771134.0,139980.0,0.0,276927.0,0.4461538461538461,0.2404746437748532,966.36,966.36,0.0,0.04178298214395548
2005T2,2005,Vodafone,1099.28,8158.95,0.13473302324441258,2,11787325.0,492509.59,56606.0,3091.0,708543.0,1005555.0,4441.69,4504.0,845.86,66996.0,12771134.0,139980.0,0.0,276927.0,0.4461538461538461,0.2404746437748532,966.36,966.36,0.0,0.04178298214395548
2005T3,2005,Vodafone,1140.55,7765.95,0.14686548329566892,3,11787325.0,492509.59,56606.0,3091.0,708543.0,1005555.0,4441.69,4504.0,845.86,66996.0,12771134.0,139980.0,0.0,276927.0,0.4461538461538461,0.2404746437748532,1099.28,966.36,0.0,0.04178298214395548
2006T1,2006,Vodafone,1176.02,8041.86,0.14623731325837555,1,11787325.0,492509.59,56606.0,3091.0,708543.0,1005555.0,5325.55,4471.0,845.86,172824.0,14041906.0,139980.0,0.0,276927.0,0.4461538461538461,0.2404746437748532,1140.55,966.36,0.0,0.04178298214395548
2006T2,2006,Vodafone,1331.68,8435.880000000001,0.15785904967827896,2,11787325.0,492509.59,56606.0,3091.0,708543.0,1005555.0,5325.55,4471.0,845.86,172824.0,14041906.0,139980.0,0.0,276927.0,0.4461538461538461,0.2404746437748532,1176.02,966.36,0.0,0.04178298214395548
2006T3,2006,Vodafone,1366.29,8207.19,0.16647476176377055,3,11787325.0,492509.59,56606.0,3091.0,708543.0,1005555.0,5325.55,4471.0,845.86,172824.0,14041906.0,139980.0,0.0,276927.0,0.4461538461538461,0.2404746437748532,1331.68,1099.28,0.0,0.04178298214395548
2006T4,2006,Vodafone,1451.02,8784.47,0.16518014177292428,4,11787325.0,492509.59,56606.0,3091.0,708543.0,1005555.0,5325.55,4471.0,845.86,172824.0,14041906.0,139980.0,0.0,276927.0,0.4461538461538461,0.2404746437748532,1366.29,1140.55,0.0,0.04178298214395548
2007T1,2007,Vodafone,1358.09,8649.5,0.1570137002138852,1,11787325.0,492509.59,56606.0,3091.0,708543.0,1005555.0,5753.89,4299.0,957.97,276927.0,15175894.0,347774.0,0.0,276927.0,0.4461538461538461,0.2404746437748532,1451.02,1176.02,0.0,0.04178298214395548
2007T2,2007,Vodafone,1530.56,9100.74,0.1681797304395027,2,11787325.0,492509.59,56606.0,3091.0,614408.0,1005555.0,5753.89,4299.0,957.97,276927.0,15175894.0,347774.0,0.0,276927.0,0.4461538461538461,0.2404746437748532,1358.09,1331.68,0.0,0.04178298214395548
2007T3,2007,Vodafone,1381.84,8574.07,0.16116500098552963,3,11787325.0,492509.59,56606.0,3091.0,620855.0,1005555.0,5753.89,4299.0,957.97,276927.0,15175894.0,347774.0,0.0,276927.0,0.4461538461538461,0.2404746437748532,1530.56,1366.29,0.0,0.04178298214395548
2007T4,2007,Vodafone,1500.0,9216.68,0.1627484083205666,4,11787325.0,492509.59,56606.0,3091.0,653583.0,1005555.0,5753.89,4299.0,957.97,276927.0,15175894.0,347774.0,0.0,276927.0,0.4461538461538461,0.2404746437748532,1381.84,1451.02,0.0,0.04178298214395548
2008T1,2008,Vodafone,1345.28,8854.29,0.15193538951175078,1,11787325.0,492509.59,56606.0,3091.0,648960.0,1005555.0,5596.92,4333.0,724.1,393818.0,15646238.0,548466.0,0.0,393818.0,0.6846153846153846,0.37436723890131507,1500.0,1358.09,0.0,0.04178298214395548
2008T2,2008,Vodafone,1413.94,9158.19,0.15439076935507998,2,11787325.0,492509.59,56606.0,3091.0,605007.0,1005555.0,5596.92,4333.0,724.1,393818.0,15646238.0,548466.0,0.0,393818.0,0.6846153846153846,0.37436723890131507,1345.28,1530.56,0.0,0.04178298214395548
2008T3,2008,Vodafone,1429.18,8793.75,0.1625222459132907,3,11787325.0,492509.59,56606.0,3091.0,606972.0,1005555.0,5596.92,4333.0,724.1,393818.0,15646238.0,548466.0,0.0,393818.0,0.6846153846153846,0.37436723890131507,1413.94,1381.84,0.0,0.04178298214395548
2008T4,2008,Vodafone,1428.11,9022.91,0.1582759885668814,4,11787325.0,492509.59,56606.0,3091.0,613140.0,1005555.0,5596.92,4333.0,724.1,393818.0,15646238.0,548466.0,0.0,393818.0,0.6846153846153846,0.37436723890131507,1429.18,1500.0,0.0,0.04178298214395548
2009T1,2009,Vodafone,1329.45,8418.369999999999,0.1579224956850317,1,11787325.0,492509.59,56606.0,3091.0,637356.0,1005555.0,5439.72,4335.0,633.46,580583.0,15999995.0,689172.0,0.0,580583.0,0.9346153846153846,0.41486336772040955,1428.11,1345.28,0.0,0.04178298214395548
2009T2,2009,Vodafone,1358.18,8436.57,0.1609872258512642,2,11787325.0,492509.59,56606.0,3091.0,620632.0,1005555.0,5439.72,4335.0,633.46,580583.0,15999995.0,689172.0,0.0,580583.0,0.9346153846153846,0.41486336772040955,1329.45,1413.94,0.0,0.04178298214395548
2009T3,2009,Vodafone,1365.87,8156.73,0.167453133792586,3,11787325.0,492509.59,56606.0,3091.0,678525.0,1005555.0,5439.72,4335.0,633.46,580583.0,15999995.0,689172.0,0.0,580583.0,0.9346153846153846,0.41486336772040955,1358.18,1429.18,0.0,0.04178298214395548
2009T4,2009,Vodafone,1368.99,8748.79,0.15647763862202657,4,11787325.0,492509.59,56606.0,3091.0,711926.0,1005555.0,5439.72,4335.0,633.46,580583.0,15999995.0,689172.0,0.0,580583.0,0.9346153846153846,0.41486336772040955,1365.87,1428.11,0.0,0.04178298214395548
2010T1,2010,Vodafone,1227.52,8025.99,0.15294312601934465,1,11787325.0,492509.59,56606.0,3091.0,665125.0,1005555.0,5113.33,4421.0,674.72,742173.0,15594874.0,3669510.0,0.0,742173.0,1.2653846153846153,0.4902518821931913,1368.99,1329.45,0.0,0.04178298214395548
2010T2,2010,Vodafone,1300.87,8244.29,0.15779042221949977,2,11787325.0,492509.59,56606.0,3091.0,627021.0,1005555.0,5113.33,4421.0,674.72,742173.0,15594874.0,3669510.0,0.0,742173.0,1.2653846153846153,0.4902518821931913,1227.52,1358.18,0.0,0.04178298214395548
2010T3,2010,Vodafone,1288.62,8061.93,0.1598401375353048,3,11787325.0,492509.59,56606.0,3091.0,654151.0,1005555.0,5113.33,4421.0,674.72,742173.0,15594874.0,3669510.0,0.0,742173.0,1.2653846153846153,0.4902518821931913,1300.87,1365.87,0.0,0.04178298214395548
2010T4,2010,Vodafone,1277.75,8281.970000000001,0.15428092591496947,4,11787325.0,492509.59,56606.0,3091.0,746682.0,1005555.0,5113.33,4421.0,674.72,742173.0,15594874.0,3669510.0,0.0,742173.0,1.2653846153846153,0.4902518821931913,1288.62,1368.99,0.0,0.04178298214395548
2011T1,2011,Vodafone,1223.14,7842.34,0.155966203964633,1,11787325.0,492509.59,56606.0,3091.0,863519.0,1005555.0,4815.22,4392.0,573.17,845817.0,15306527.0,4651457.0,0.0,845817.0,1.4249999999999998,0.4793275518481952,1277.75,1227.52,0.0,0.04178298214395548
2011T2,2011,Vodafone,1191.29,7893.9,0.1509127300827221,2,11787325.0,492509.59,56606.0,3091.0,715831.0,1005555.0,4815.22,4392.0,573.17,845817.0,15306527.0,4651457.0,0.0,845817.0,1.4249999999999998,0.4793275518481952,1223.14,1300.87,0.0,0.04178298214395548
2011T3,2011,Vodafone,1235.72,7678.09,0.16094106737482888,3,11787325.0,492509.59,56606.0,3091.0,807284.0,1005555.0,4815.22,4392.0,573.17,845817.0,15306527.0,4651457.0,0.0,845817.0,1.4249999999999998,0.4793275518481952,1191.29,1288.62,0.0,0.04178298214395548
2011T4,2011,Vodafone,1201.01,7857.62,0.1528465362285272,4,11787325.0,492509.59,56606.0,3091.0,807900.0,1005555.0,4815.22,4392.0,573.17,845817.0,15306527.0,4651457.0,0.0,845817.0,1.4249999999999998,0.4793275518481952,1235.72,1277.75,0.0,0.04178298214395548
2012T1,2012,Vodafone,1110.91,7294.14,0.15230171068830595,1,11787325.0,492509.59,56606.0,3091.0,845952.0,1005555.0,4362.69,4206.0,588.2,773647.0,13698753.0,6825947.0,0.0,773647.0,1.2673076923076925,0.43010311296572296,1201.01,1223.14,0.0,0.04178298214395548
2012T2,2012,Vodafone,1035.27,7156.88,0.14465381562915683,2,11787325.0,492509.59,56606.0,3091.0,510444.0,1005555.0,4362.69,4206.0,588.2,773647.0,13698753.0,6825947.0,0.0,773647.0,1.2673076923076925,0.43010311296572296,1110.91,1191.29,0.0,0.04178298214395548
2012T3,2012,Vodafone,1065.45,6903.05,0.15434481859467916,3,11787325.0,492509.59,56606.0,3091.0,587084.0,1005555.0,4362.69,4206.0,588.2,773647.0,13698753.0,6825947.0,0.0,773647.0,1.2673076923076925,0.43010311296572296,1035.27,1235.72,0.0,0.04178298214395548
2012T4,2012,Vodafone,1072.75,7082.76,0.15145931811892538,4,11787325.0,492509.59,56606.0,3091.0,691363.0,1005555.0,4362.69,4206.0,588.2,773647.0,13698753.0,6825947.0,0.0,773647.0,1.2673076923076925,0.43010311296572296,1065.45,1201.01,0.0,0.04178298214395548
2013T1,2013,Vodafone,995.5,6534.01,0.15235666918171228,1,11787325.0,492509.59,56606.0,3091.0,782468.0,1005555.0,3889.9,3614.0,489.97,954606.0,12440431.0,8022395.0,0.0,954606.0,1.6961538461538461,0.559748381308132,1072.75,1110.91,0.0,0.04178298214395548
2013T2,2013,Vodafone,983.03,6664.99,0.1474915941359252,2,11787325.0,492509.59,56606.0,3091.0,709333.0,1005555.0,3889.9,3614.0,489.97,954606.0,12440431.0,8022395.0,0.0,954606.0,1.6961538461538461,0.559748381308132,995.5,1035.27,0.0,0.04178298214395548
2013T3,2013,Vodafone,966.39,6451.23,0.14979934059086408,3,11787325.0,492509.59,56606.0,3091.0,648696.0,1005555.0,3889.9,3614.0,489.97,954606.0,12440431.0,8022395.0,0.0,954606.0,1.6961538461538461,0.559748381308132,983.03,1065.45,0.0,0.04178298214395548
2013T4,2013,Vodafone,975.23,6742.71,0.14463472402046063,4,11787325.0,492509.59,56606.0,3091.0,660075.0,1005555.0,3889.9,3614.0,489.97,954606.0,12440431.0,8022395.0,0.0,954606.0,1.6961538461538461,0.559748381308132,966.39,1072.75,0.0,0.04178298214395548
2014T1,2014,Vodafone,895.61,6190.26,0.14468051422718917,1,11787325.0,492509.59,56606.0,3091.0,731703.0,1005555.0,3426.09,3634.0,816.82,1140846.0,12150803.0,9037988.0,0.0,1140846.0,1.5290322580645161,0.8812039262271227,975.23,995.5,0.0,0.04178298214395548
2014T2,2014,Vodafone,837.62,6162.58,0.13592034505028738,2,11787325.0,492509.59,56606.0,3091.0,569152.0,530113.8333333334,3426.09,3634.0,816.82,1140846.0,12150803.0,9037988.0,0.0,1140846.0,1.5290322580645161,0.8812039262271227,895.61,983.03,0.0,0.04178298214395548
2014T3,2014,Vodafone,1150.84,5944.42,0.19360004844879736,3,11787325.0,492509.59,56606.0,3091.0,728877.0,892918.5555555555,3426.09,3634.0,816.82,1140846.0,12150803.0,9037988.0,0.0,1140846.0,1.5290322580645161,0.8812039262271227,837.62,966.39,0.0,0.04178298214395548
2014T4,2014,Vodafone,1190.03,6359.17,0.18713605706405081,4,11787325.0,492509.59,56606.0,3091.0,811135.0,921706.0,3426.09,3634.0,816.82,1140846.0,12150803.0,9037988.0,0.0,1140846.0,1.5290322580645161,0.8812039262271227,1150.84,975.23,0.0,0.04178298214395548
2015T1,2015,Vodafone,1175.61,5959.72,0.19725926721389592,1,11787325.0,492509.59,56606.0,3091.0,802349.0,934924.5555555555,4759.78,5704.0,1721.59,2959376.0,13767679.0,10906478.0,0.0,2959376.0,2.283471074380165,2.2158274266226154,1190.03,895.61,0.0,0.04178298214395548
2015T2,2015,Vodafone,1168.69,6123.11,0.19086542622948144,2,11787325.0,492509.59,56606.0,3091.0,647227.0,946405.5555555555,4759.78,5704.0,1721.59,2959376.0,13767679.0,10906478.0,0.0,2959376.0,2.283471074380165,2.2158274266226154,1175.61,837.62,0.0,0.04178298214395548
2015T3,2015,Vodafone,1187.16,6006.46,0.19764719984816348,3,11787325.0,492509.59,56606.0,3091.0,737163.0,952820.6666666666,4759.78,5704.0,1721.59,2959376.0,13767679.0,10906478.0,0.0,2959376.0,2.283471074380165,2.2158274266226154,1168.69,1150.84,0.0,0.04178298214395548
2015T4,2015,Vodafone,1201.86,6229.639999999999,0.19292607598512915,4,11787325.0,492509.59,56606.0,3091.0,721380.0,980269.6666666666,4759.78,5704.0,1721.59,2959376.0,13767679.0,10906478.0,0.0,2959376.0,2.283471074380165,2.2158274266226154,1187.16,1190.03,0.0,0.04178298214395548
2016T1,2016,Vodafone,1164.81,5935.200000000001,0.19625454913061055,1,11787325.0,492509.59,56606.0,3091.0,729691.0,1001175.6666666666,4697.13,5095.0,1138.93,3158406.0,14328275.0,11685701.0,0.0,3158406.0,2.134965034965035,2.3008038626231913,1201.86,1175.61,0.0,0.04178298214395548
2016T2,2016,Vodafone,1186.62,6136.7,0.19336451187120113,2,11787325.0,492509.59,56606.0,3091.0,761979.0,1007904.7777777778,4697.13,5095.0,1138.93,3158406.0,14328275.0,11685701.0,0.0,3158406.0,2.134965034965035,2.3008038626231913,1164.81,1168.69,0.0,0.04178298214395548
2016T3,2016,Vodafone,1190.39,6036.61,0.19719511447650256,3,11787325.0,492509.59,56606.0,3091.0,752984.0,1011918.2222222222,4697.13,5095.0,1138.93,3158406.0,14328275.0,11685701.0,0.0,3158406.0,2.134965034965035,2.3008038626231913,1186.62,1187.16,0.0,0.04178298214395548
2016T4,2016,Vodafone,1205.03,6352.95,0.1896803847031694,4,11787325.0,492509.59,56606.0,3091.0,771839.0,1041637.3333333334,4697.13,5095.0,1138.93,3158406.0,14328275.0,11685701.0,0.0,3158406.0,2.134965034965035,2.3008038626231913,1190.39,1201.86,0.0,0.04178298214395548
2017T1,2017,Vodafone,1175.43,6043.02,0.19451036071368288,1,11787325.0,492509.59,56606.0,3091.0,810920.0,1070161.3333333333,4687.02,5034.0,796.73,3355692.0,14295202.0,11839213.0,0.0,3355692.0,2.072258064516129,2.1721835170333916,1205.03,1164.81,0.0,0.04178298214395548
2017T2,2017,Vodafone,1183.95,6240.780000000001,0.1897118629402094,2,11787325.0,492509.59,56606.0,3091.0,718125.0,1081278.3333333333,4687.02,5034.0,796.73,3355692.0,14295202.0,11839213.0,0.0,3355692.0,2.072258064516129,2.1721835170333916,1175.43,1186.62,0.0,0.04178298214395548
2017T3,2017,Vodafone,1206.85,6160.889999999999,0.19588890566135736,3,11787325.0,492509.59,56606.0,3091.0,843030.0,1086747.5555555555,4687.02,5034.0,796.73,3355692.0,14295202.0,11839213.0,0.0,3355692.0,2.072258064516129,2.1721835170333916,1183.95,1190.39,0.0,0.04178298214395548
2017T4,2017,Vodafone,1201.13,6460.870000000001,0.18590839933321673,4,11787325.0,492509.59,56606.0,3091.0,1033879.0,1116081.5555555555,4687.02,5034.0,796.73,3355692.0,14295202.0,11839213.0,0.0,3355692.0,2.072258064516129,2.1721835170333916,1206.85,1205.03,0.0,0.04178298214395548
2018T1,2018,Vodafone,1130.55,6126.73,0.1845274722404937,1,11787325.0,492509.59,56606.0,3091.0,913040.0,1114929.2222222222,4491.82,5165.0,996.85,3216202.0,14182154.0,11753744.0,0.0,3216202.0,2.160839160839161,1.9359837534615048,1201.13,1175.43,0.0,0.04178298214395548
2018T2,2018,Vodafone,1150.94,6322.700000000001,0.18203299223433025,2,11787325.0,492509.59,56606.0,3091.0,936299.0,1104939.3333333333,4491.82,5165.0,996.85,3216202.0,14182154.0,11753744.0,0.0,3216202.0,2.160839160839161,1.9359837534615048,1130.55,1183.95,0.0,0.04178298214395548
2018T3,2018,Vodafone,1116.77,6066.049999999999,0.18410168066534238,3,11787325.0,492509.59,56606.0,3091.0,1077751.0,1082001.5555555555,4491.82,5165.0,996.85,3216202.0,14182154.0,11753744.0,0.0,3216202.0,2.160839160839161,1.9359837534615048,1150.94,1206.85,0.0,0.04178298214395548
2018T4,2018,Vodafone,1091.81,6406.96,0.1704099916340979,4,11787325.0,492509.59,56606.0,3091.0,966879.0,1073456.2222222222,4491.82,5165.0,996.85,3216202.0,14182154.0,11753744.0,0.0,3216202.0,2.160839160839161,1.9359837534615048,1116.77,1201.13,0.0,0.04178298214395548
2019T1,2019,Vodafone,1066.71,6156.68,0.1732605884989962,1,11787325.0,492509.59,56606.0,3091.0,922228.0,1073247.4444444445,4131.06,4246.0,736.24,3171839.0,14274677.0,11827920.0,0.0,3171839.0,2.1447552447552445,1.9491304786421035,1091.81,1130.55,0.0,0.04178298214395548
2019T2,2019,Vodafone,1010.84,6207.2699999999995,0.16284775754880973,2,11787325.0,492509.59,56606.0,3091.0,824337.0,1062719.7777777778,4131.06,4246.0,736.24,3171839.0,14274677.0,11827920.0,0.0,3171839.0,2.1447552447552445,1.9491304786421035,1066.71,1150.94,0.0,0.04178298214395548
2019T3,2019,Vodafone,1010.16,6000.469999999999,0.16834681283299477,3,11787325.0,492509.59,56606.0,3091.0,927134.0,1050771.4444444445,4131.06,4246.0,736.24,3171839.0,14274677.0,11827920.0,0.0,3171839.0,2.1447552447552445,1.9491304786421035,1010.84,1116.77,0.0,0.04178298214395548
2019T4,2019,Vodafone,1047.37,6377.77,0.16422197727418827,4,11787325.0,492509.59,56606.0,3091.0,950924.0,1058099.4444444445,4131.06,4246.0,736.24,3171839.0,14274677.0,11827920.0,0.0,3171839.0,2.1447552447552445,1.9491304786421035,1010.16,1091.81,0.0,0.04178298214395548
2020T1,2020,Vodafone,952.8,5875.04,0.16217761921620957,1,11787325.0,492509.59,56606.0,3091.0,830917.0,1057192.4444444445,3811.44,4260.0,824.67,3207984.0,14570238.0,12155144.0,0.0,3207984.0,2.0686274509803924,1.9774209209098639,1047.37,1066.71,0.0,0.04178298214395548
2020T2,2020,Vodafone,915.61,5506.59,0.16627531739243342,2,11787325.0,492509.59,56606.0,3091.0,476586.0,1062943.111111111,3811.44,4260.0,824.67,3207984.0,14570238.0,12155144.0,0.0,3207984.0,2.0686274509803924,1.9774209209098639,952.8,1010.84,0.0,0.04178298214395548
2020T3,2020,Vodafone,972.18,5745.799999999999,0.16919837098402313,3,11787325.0,492509.59,56606.0,3091.0,965160.0,1067768.3333333333,3811.44,4260.0,824.67,3207984.0,14570238.0,12155144.0,0.0,3207984.0,2.0686274509803924,1.9774209209098639,915.61,1010.16,0.0,0.04178298214395548
2020T4,2020,Vodafone,976.32,6027.1,0.16198835260738995,4,11787325.0,492509.59,56606.0,3091.0,1043115.0,1074490.3333333333,3811.44,4260.0,824.67,3207984.0,14570238.0,12155144.0,0.0,3207984.0,2.0686274509803924,1.9774209209098639,972.18,1047.37,0.0,0.04178298214395548
2021T1,2021,Vodafone,968.73,5620.51,0.1723562452517654,1,11787325.0,492509.59,56606.0,3091.0,1018026.0,1066354.0,3927.22,4093.0,1067.01,3060617.0,15206719.0,12906428.0,0.0,3060617.0,2.0727272727272728,1.9160619023999261,976.32,952.8,0.0,0.04178298214395548
2021T2,2021,Vodafone,959.02,5711.33,0.16791535421696874,2,11787325.0,492509.59,56606.0,3091.0,846597.0,1054849.0,3927.22,4093.0,1067.01,3060617.0,15206719.0,12906428.0,0.0,3060617.0,2.0727272727272728,1.9160619023999261,968.73,915.61,0.0,0.04178298214395548
2021T3,2021,Vodafone,973.76,5549.75,0.1754601558628767,3,11787325.0,492509.59,56606.0,3091.0,905272.0,1037302.7777777778,3927.22,4093.0,1067.01,3060617.0,15206719.0,12906428.0,0.0,3060617.0,2.0727272727272728,1.9160619023999261,959.02,972.18,0.0,0.04178298214395548
2021T4,2021,Vodafone,990.83,6100.32,0.16242262700973065,4,11787325.0,492509.59,56606.0,3091.0,899396.0,1025913.3333333334,3927.22,4093.0,1067.01,3060617.0,15206719.0,12906428.0,0.0,3060617.0,2.0727272727272728,1.9160619023999261,973.76,976.32,0.0,0.04178298214395548
2022T1,2022,Vodafone,918.15,5699.9,0.16108177336444499,1,11787325.0,492509.59,56606.0,3091.0,836577.0,1012889.3333333334,3563.61,4088.0,676.11,2962106.0,15449801.0,12607701.0,0.0,2962106.0,2.00979020979021,1.9014195840348769,990.83,968.73,0.0,0.04178298214395548
2022T2,2022,Vodafone,889.15,5673.99,0.15670630367695396,2,11787325.0,492509.59,56606.0,3091.0,735590.0,1003501.7777777778,3563.61,4088.0,676.11,2962106.0,15449801.0,12607701.0,0.0,2962106.0,2.00979020979021,1.9014195840348769,918.15,959.02,0.0,0.04178298214395548
2022T3,2022,Vodafone,875.0,5535.74,0.1580637818972712,3,11787325.0,492509.59,56606.0,3091.0,748559.0,995662.0,3563.61,4088.0,676.11,2962106.0,15449801.0,12607701.0,0.0,2962106.0,2.00979020979021,1.9014195840348769,889.15,973.76,0.0,0.04178298214395548
2022T4,2022,Vodafone,883.24,6069.53,0.1455203285921645,4,12116728.0,475994.39999999997,56175.0,4201.0,733886.0,990386.3333333334,3563.61,4088.0,676.11,2962106.0,15449801.0,12607701.0,0.0,2962106.0,2.00979020979021,1.9014195840348769,875.0,990.83,0.0,0.039284070749132934
2023T1,2023,Vodafone,902.68,5624.21,0.1604989856353159,1,12158977.0,476806.15,56230.0,4616.0,738081.0,756153.9166666666,3540.1,3771.0,558.0,2876719.0,15795962.0,12839453.0,0.0,2876719.0,1.4487179487179487,1.7345298235247504,883.24,918.15,0.0,0.03921433110696731
2023T2,2023,Vodafone,887.81,5646.11,0.1572427742286282,2,12558336.0,518612.56,56831.0,5471.0,668234.0,737865.6666666666,3540.1,3771.0,558.0,2876719.0,15795962.0,12839453.0,0.0,2876719.0,1.4487179487179487,1.7345298235247504,902.68,889.15,0.0,0.04129628001671559
2023T3,2023,Vodafone,883.97,5557.14,0.15906923345461874,3,13622715.0,580004.04,56006.0,6262.0,599635.0,727556.4166666666,3540.1,3771.0,558.0,2876719.0,15795962.0,12839453.0,0.0,2876719.0,1.4487179487179487,1.7345298235247504,887.81,875.0,0.0,0.04257624416278253
2023T4,2023,Vodafone,905.03,6014.7300000000005,0.1504689321050155,4,13714223.0,530762.91,56377.0,6735.0,622778.0,721767.0,3540.1,3771.0,558.0,2876719.0,15795962.0,12839453.0,0.0,2876719.0,1.4487179487179487,1.7345298235247504,883.97,883.24,0.0,0.03870163916687078
2024T1,2024,Vodafone,822.17,5658.139999999999,0.14530746853206178,1,13573245.0,540885.38,56868.0,7537.0,644293.0,710515.0833333334,3235.07,2423.0,416.91,2615442.0,14126087.0,11592538.0,0.0,2876719.0,1.4487179487179487,1.7345298235247504,905.03,902.68,0.0,0.03984937868578958
2024T2,2024,Vodafone,820.17,5563.58,0.14741766991757105,2,13810830.0,534862.97,56360.0,8052.0,634038.0,702166.4166666666,3235.07,2423.0,416.91,2615442.0,14126087.0,11592538.0,0.0,2876719.0,1.4487179487179487,1.7345298235247504,822.17,887.81,0.0,0.038727793333202996
2024T3,2024,Vodafone,803.09,5516.96,0.14556748644180853,3,14566109.0,572735.83,56470.0,8779.0,649647.0,704653.25,3235.07,2423.0,416.91,2615442.0,14126087.0,11592538.0,0.0,2876719.0,1.4487179487179487,1.7345298235247504,820.17,883.97,0.0,0.039319754506848735
2024T4,2024,Vodafone,792.31,5882.75,0.13468360885640218,4,14512219.0,508233.51999999996,47497.0,9591.0,581904.0,653490.3333333334,3235.07,2423.0,416.91,2615442.0,14126087.0,11592538.0,0.0,2876719.0,1.4487179487179487,1.7345298235247504,803.09,905.03,0.0,0.0350210756880116
2025T1,2025,Vodafone,785.88,5809.17,0.13528266516559165,1,14671314.0,518913.45999999996,48767.0,11191.0,573852.0,657453.9166666666,3235.07,2423.0,416.91,2615442.0,14126087.0,11592538.0,0.0,2876719.0,1.4487179487179487,1.7345298235247504,792.31,822.17,0.0,0.035369255950762145
